Workbook

Sheet core_2
A2: Timestamp | B2: Participant ID: | C2: Self assesment_Mean | D2: Self Assesment_sum | E2: Sum( reversed negative values) | F2: Personal positive | G2: Personal negative | H2: Social Posiitve | I2: Social negative | J2: TA Time_NQ | K2: TA Time_q | L2: Assembly time_No question | M2: Assembly time_ question | N2: Robot N_task_No question | O2: Robot N_task_ question | P2: Mental_NQ | Q2: Mental_Q | R2: Physical_NQ | S2: Physical_Q | T2: Temporal_NQ | U2: Temporal_Q | V2: Performance_NQ | W2: Performance_Q | X2: Effort_NQ | Y2: Effort_Q | Z2: Frustration_NQ | AA2: Frustration_Q | AB2: Satisfaction_NQ | AC2: Satisfaction_Q | AD2: Fairness_NQ | AE2: Fairness_Q | AF2: Efficency_NQ | AG2: Efficency_Q | AH2: TA_Satis_NQ | AI2: TA_Satis_Q | AJ2: Willingness_NQ | AK2: Willingness_Q | AL2: TA_Difficulty_NQ | AM2: TA_Difficulty_Q
A3: 45909.445 | B3: p11 | C3: =Form_Responses[[#This Row],[SUM]]/10 -> 3.1 | D3: =SUM(Form_Responses[[#This Row],[1- I can always manage to solve difficult problems if I try hard enough.]:[10- I can usually handle whatever comes my way.]]) -> 31 | E3: =60+SUM(Form_Responses[[#This Row],[11- Robots are necessary because they can do jobs that are too hard or too dangerous for people ]:[15- Robots are a good thing for society, because they help people]])-SUM(Form_Responses[[#This Row],[16- Robots may make us even lazier ]:[20- Unregulated use of robotics can lead to societal upheavals]]) -> 64 | F3: =SUM(Form_Responses[[#This Row],[1- I can trust persons and organizations related to development of robots ]:[5- If robots had emotions, I would be able to be friend with them]]) -> 10 | G3: =SUM(Form_Responses[[#This Row],[6- I would feel uneasy if I was given a job where I had to use robots]:[10- I don’t want a robot to touch me]]) -> 9 | H3: =SUM(Form_Responses[[#This Row],[11- Robots are necessary because they can do jobs that are too hard or too dangerous for people ]:[15- Robots are a good thing for society, because they help people]]) -> 22 | I3: =SUM(Form_Responses[[#This Row],[16- Robots may make us even lazier ]:[20- Unregulated use of robotics can lead to societal upheavals]]) -> 18 | J3: =TA_NQY!E8+TA_NQO!E8 -> 109 | K3: =TA_QY!E8+TA_QO!E8 -> 126 | L3: 347 | M3: 581 | N3: 19 | O3: 21 | P3: 4 | Q3: 10 | R3: 7 | S3: 9 | T3: 6 | U3: 8 | V3: 10 | W3: 10 | X3: 7 | Y3: 9 | Z3: 6 | AA3: 9 | AB3: 10 | AC3: 9 | AD3: 10 | AE3: 8 | AF3: 9 | AG3: 9 | AH3: 9 | AI3: 9 | AJ3: 10 | AK3: 10 | AL3: 4 | AM3: 10
A4: 45909.613 | B4: P14 | C4: =Form_Responses[[#This Row],[SUM]]/10 -> 3.3 | D4: =SUM(Form_Responses[[#This Row],[1- I can always manage to solve difficult problems if I try hard enough.]:[10- I can usually handle whatever comes my way.]]) -> 33 | E4: =60+SUM(Form_Responses[[#This Row],[11- Robots are necessary because they can do jobs that are too hard or too dangerous for people ]:[15- Robots are a good thing for society, because they help people]])-SUM(Form_Responses[[#This Row],[16- Robots may make us even lazier ]:[20- Unregulated use of robotics can lead to societal upheavals]]) -> 64 | F4: =SUM(Form_Responses[[#This Row],[1- I can trust persons and organizations related to development of robots ]:[5- If robots had emotions, I would be able to be friend with them]]) -> 17 | G4: =SUM(Form_Responses[[#This Row],[6- I would feel uneasy if I was given a job where I had to use robots]:[10- I don’t want a robot to touch me]]) -> 8 | H4: =SUM(Form_Responses[[#This Row],[11- Robots are necessary because they can do jobs that are too hard or too dangerous for people ]:[15- Robots are a good thing for society, because they help people]]) -> 23 | I4: =SUM(Form_Responses[[#This Row],[16- Robots may make us even lazier ]:[20- Unregulated use of robotics can lead to societal upheavals]]) -> 19 | J4: =TA_NQY!E11+TA_NQO!E11 -> 249 | K4: =TA_QY!E11+TA_QO!E11 -> 139 | L4: 311 | M4: 374 | N4: 19 | O4: 22 | P4: 2 | Q4: 5 | R4: 2 | S4: 3 | T4: 2 | U4: 4 | V4: 8 | W4: 7 | X4: 3 | Y4: 4 | Z4: 1 | AA4: 1 | AB4: 9 | AC4: 9 | AD4: 6 | AE4: 8 | AF4: 4 | AG4: 8 | AH4: 7 | AI4: 8 | AJ4: 10 | AK4: 8 | AL4: 4 | AM4: 3
A5: 45909.663 | B5: P15 | C5: =Form_Responses[[#This Row],[SUM]]/10 -> 3.4 | D5: =SUM(Form_Responses[[#This Row],[1- I can always manage to solve difficult problems if I try hard enough.]:[10- I can usually handle whatever comes my way.]]) -> 34 | E5: =60+SUM(Form_Responses[[#This Row],[11- Robots are necessary because they can do jobs that are too hard or too dangerous for people ]:[15- Robots are a good thing for society, because they help people]])-SUM(Form_Responses[[#This Row],[16- Robots may make us even lazier ]:[20- Unregulated use of robotics can lead to societal upheavals]]) -> 64 | F5: =SUM(Form_Responses[[#This Row],[1- I can trust persons and organizations related to development of robots ]:[5- If robots had emotions, I would be able to be friend with them]]) -> 14 | G5: =SUM(Form_Responses[[#This Row],[6- I would feel uneasy if I was given a job where I had to use robots]:[10- I don’t want a robot to touch me]]) -> 9 | H5: =SUM(Form_Responses[[#This Row],[11- Robots are necessary because they can do jobs that are too hard or too dangerous for people ]:[15- Robots are a good thing for society, because they help people]]) -> 22 | I5: =SUM(Form_Responses[[#This Row],[16- Robots may make us even lazier ]:[20- Unregulated use of robotics can lead to societal upheavals]]) -> 18 | J5: =TA_NQY!E12+TA_NQO!E12 -> 127 | K5: =TA_QY!E12+TA_QO!E12 -> 171 | L5: 244 | M5: 668 | N5: 10 | O5: 17 | P5: 3 | Q5: 7 | R5: 6 | S5: 4 | T5: 6 | U5: 5 | V5: 10 | W5: 6 | X5: 6 | Y5: 6 | Z5: 3 | AA5: 5 | AB5: 9 | AC5: 7 | AD5: 10 | AE5: 10 | AF5: 8 | AG5: 7 | AH5: 8 | AI5: 6 | AJ5: 10 | AK5: 10 | AL5: 6 | AM5: 7
A6: 45909.707 | B6: P16 | C6: =Form_Responses[[#This Row],[SUM]]/10 -> 3.9 | D6: =SUM(Form_Responses[[#This Row],[1- I can always manage to solve difficult problems if I try hard enough.]:[10- I can usually handle whatever comes my way.]]) -> 39 | E6: =60+SUM(Form_Responses[[#This Row],[11- Robots are necessary because they can do jobs that are too hard or too dangerous for people ]:[15- Robots are a good thing for society, because they help people]])-SUM(Form_Responses[[#This Row],[16- Robots may make us even lazier ]:[20- Unregulated use of robotics can lead to societal upheavals]]) -> 72 | F6: =SUM(Form_Responses[[#This Row],[1- I can trust persons and organizations related to development of robots ]:[5- If robots had emotions, I would be able to be friend with them]]) -> 16 | G6: =SUM(Form_Responses[[#This Row],[6- I would feel uneasy if I was given a job where I had to use robots]:[10- I don’t want a robot to touch me]]) -> 8 | H6: =SUM(Form_Responses[[#This Row],[11- Robots are necessary because they can do jobs that are too hard or too dangerous for people ]:[15- Robots are a good thing for society, because they help people]]) -> 19 | I6: =SUM(Form_Responses[[#This Row],[16- Robots may make us even lazier ]:[20- Unregulated use of robotics can lead to societal upheavals]]) -> 7 | J6: =TA_NQY!E13+TA_NQO!E13 -> 137 | K6: =TA_QY!E13+TA_QO!E13 -> 510 | L6: 305 | M6: 433 | N6: 15 | O6: 19 | P6: 1 | Q6: 6 | R6: 5 | S6: 6 | T6: 2 | U6: 8 | V6: 10 | W6: 9 | X6: 6 | Y6: 7 | Z6: 2 | AA6: 5 | AB6: 9 | AC6: 8 | AD6: 8 | AE6: 7 | AF6: 8 | AG6: 4 | AH6: 8 | AI6: 6 | AJ6: 10 | AK6: 10 | AL6: 8 | AM6: 8
A7: 45910.585 | B7: P18 | C7: =Form_Responses[[#This Row],[SUM]]/10 -> 3 | D7: =SUM(Form_Responses[[#This Row],[1- I can always manage to solve difficult problems if I try hard enough.]:[10- I can usually handle whatever comes my way.]]) -> 30 | E7: =60+SUM(Form_Responses[[#This Row],[11- Robots are necessary because they can do jobs that are too hard or too dangerous for people ]:[15- Robots are a good thing for society, because they help people]])-SUM(Form_Responses[[#This Row],[16- Robots may make us even lazier ]:[20- Unregulated use of robotics can lead to societal upheavals]]) -> 71 | F7: =SUM(Form_Responses[[#This Row],[1- I can trust persons and organizations related to development of robots ]:[5- If robots had emotions, I would be able to be friend with them]]) -> 20 | G7: =SUM(Form_Responses[[#This Row],[6- I would feel uneasy if I was given a job where I had to use robots]:[10- I don’t want a robot to touch me]]) -> 9 | H7: =SUM(Form_Responses[[#This Row],[11- Robots are necessary because they can do jobs that are too hard or too dangerous for people ]:[15- Robots are a good thing for society, because they help people]]) -> 21 | I7: =SUM(Form_Responses[[#This Row],[16- Robots may make us even lazier ]:[20- Unregulated use of robotics can lead to societal upheavals]]) -> 10 | J7: =TA_NQY!E15+TA_NQO!E15 -> 407 | K7: =TA_QY!E15+TA_QO!E15 -> 624 | L7: 250 | M7: 356 | N7: 13 | O7: 19 | P7: 5 | Q7: 8 | R7: 5 | S7: 4 | T7: 6 | U7: 8 | V7: 9 | W7: 9 | X7: 5 | Y7: 7 | Z7: 2 | AA7: 2 | AB7: 9 | AC7: 9 | AD7: 8 | AE7: 7 | AF7: 7 | AG7: 8 | AH7: 9 | AI7: 8 | AJ7: 9 | AK7: 9 | AL7: 8 | AM7: 8
A8: 45910.692 | B8: P10 | C8: 3.1 | D8: 31 | E8: 64 | F8: 10 | G8: 9 | H8: 22 | I8: 18 | J8: 280 | K8: 470 | L8: 269 | M8: 376 | N8: 15 | O8: 22 | P8: 2 | Q8: 4 | R8: 5 | S8: 3 | T8: 5 | U8: 3 | V8: 10 | W8: 10 | X8: 6 | Y8: 2 | Z8: 1 | AA8: 1 | AB8: 10 | AC8: 10 | AD8: 10 | AE8: 10 | AF8: 10 | AG8: 7 | AH8: 7 | AI8: 10 | AJ8: 10 | AK8: 10 | AL8: 3 | AM8: 3
A9: 45912.401 | B9: P20 | C9: =Form_Responses[[#This Row],[SUM]]/10 -> 3.9 | D9: =SUM(Form_Responses[[#This Row],[1- I can always manage to solve difficult problems if I try hard enough.]:[10- I can usually handle whatever comes my way.]]) -> 39 | E9: =60+SUM(Form_Responses[[#This Row],[11- Robots are necessary because they can do jobs that are too hard or too dangerous for people ]:[15- Robots are a good thing for society, because they help people]])-SUM(Form_Responses[[#This Row],[16- Robots may make us even lazier ]:[20- Unregulated use of robotics can lead to societal upheavals]]) -> 64 | F9: =SUM(Form_Responses[[#This Row],[1- I can trust persons and organizations related to development of robots ]:[5- If robots had emotions, I would be able to be friend with them]]) -> 20 | G9: =SUM(Form_Responses[[#This Row],[6- I would feel uneasy if I was given a job where I had to use robots]:[10- I don’t want a robot to touch me]]) -> 17 | H9: =SUM(Form_Responses[[#This Row],[11- Robots are necessary because they can do jobs that are too hard or too dangerous for people ]:[15- Robots are a good thing for society, because they help people]]) -> 21 | I9: =SUM(Form_Responses[[#This Row],[16- Robots may make us even lazier ]:[20- Unregulated use of robotics can lead to societal upheavals]]) -> 17 | J9: =TA_NQY!E18+TA_NQO!E18 -> 125 | K9: =TA_QY!E18+TA_QO!E18 -> 413 | L9: 272 | M9: 413 | N9: 15 | O9: 18 | P9: 1 | Q9: 4 | R9: 1 | S9: 2 | T9: 3 | U9: 5 | V9: 10 | W9: 8 | X9: 3 | Y9: 7 | Z9: 3 | AA9: 4 | AB9: 10 | AC9: 8 | AD9: 10 | AE9: 6 | AF9: 10 | AG9: 3 | AH9: 10 | AI9: 4 | AJ9: 10 | AK9: 10 | AL9: 7 | AM9: 7
A10: 45912.494 | B10: P22 | C10: =Form_Responses[[#This Row],[SUM]]/10 -> 3 | D10: =SUM(Form_Responses[[#This Row],[1- I can always manage to solve difficult problems if I try hard enough.]:[10- I can usually handle whatever comes my way.]]) -> 30 | E10: =60+SUM(Form_Responses[[#This Row],[11- Robots are necessary because they can do jobs that are too hard or too dangerous for people ]:[15- Robots are a good thing for society, because they help people]])-SUM(Form_Responses[[#This Row],[16- Robots may make us even lazier ]:[20- Unregulated use of robotics can lead to societal upheavals]]) -> 62 | F10: =SUM(Form_Responses[[#This Row],[1- I can trust persons and organizations related to development of robots ]:[5- If robots had emotions, I would be able to be friend with them]]) -> 8 | G10: =SUM(Form_Responses[[#This Row],[6- I would feel uneasy if I was given a job where I had to use robots]:[10- I don’t want a robot to touch me]]) -> 7 | H10: =SUM(Form_Responses[[#This Row],[11- Robots are necessary because they can do jobs that are too hard or too dangerous for people ]:[15- Robots are a good thing for society, because they help people]]) -> 23 | I10: =SUM(Form_Responses[[#This Row],[16- Robots may make us even lazier ]:[20- Unregulated use of robotics can lead to societal upheavals]]) -> 21 | J10: =TA_NQY!E20+TA_NQO!E20 -> 254 | K10: =TA_QY!E20+TA_QO!E20 -> 406 | L10: 346 | M10: 396 | N10: 20 | O10: 22 | P10: 2 | Q10: 3 | R10: 2 | S10: 3 | T10: 2 | U10: 5 | V10: 9 | W10: 9 | X10: 3 | Y10: 6 | Z10: 1 | AA10: 1 | AB10: 9 | AC10: 9 | AD10: 8 | AE10: 7 | AF10: 8 | AG10: 7 | AH10: 8 | AI10: 7 | AJ10: 10 | AK10: 10 | AL10: 2 | AM10: 2
A11: 45912.72 | B11: P26 | C11: =Form_Responses[[#This Row],[SUM]]/10 -> 3.4 | D11: =SUM(Form_Responses[[#This Row],[1- I can always manage to solve difficult problems if I try hard enough.]:[10- I can usually handle whatever comes my way.]]) -> 34 | E11: =60+SUM(Form_Responses[[#This Row],[11- Robots are necessary because they can do jobs that are too hard or too dangerous for people ]:[15- Robots are a good thing for society, because they help people]])-SUM(Form_Responses[[#This Row],[16- Robots may make us even lazier ]:[20- Unregulated use of robotics can lead to societal upheavals]]) -> 73 | F11: =SUM(Form_Responses[[#This Row],[1- I can trust persons and organizations related to development of robots ]:[5- If robots had emotions, I would be able to be friend with them]]) -> 15 | G11: =SUM(Form_Responses[[#This Row],[6- I would feel uneasy if I was given a job where I had to use robots]:[10- I don’t want a robot to touch me]]) -> 6 | H11: =SUM(Form_Responses[[#This Row],[11- Robots are necessary because they can do jobs that are too hard or too dangerous for people ]:[15- Robots are a good thing for society, because they help people]]) -> 24 | I11: =SUM(Form_Responses[[#This Row],[16- Robots may make us even lazier ]:[20- Unregulated use of robotics can lead to societal upheavals]]) -> 11 | J11: =TA_NQY!E24+TA_NQO!E24 -> 64 | K11: =TA_QY!E24+TA_QO!E24 -> 158 | L11: 305 | M11: 410 | N11: 16 | O11: 16 | P11: 8 | Q11: 7 | R11: 8 | S11: 9 | T11: 9 | U11: 8 | V11: 9 | W11: 10 | X11: 8 | Y11: 7 | Z11: 1 | AA11: 2 | AB11: 9 | AC11: 9 | AD11: 10 | AE11: 10 | AF11: 10 | AG11: 9 | AH11: 10 | AI11: 9 | AJ11: 9 | AK11: 9 | AL11: 3 | AM11: 4
A12: 45915.492 | B12: P27 | C12: =Form_Responses[[#This Row],[SUM]]/10 -> 3.2 | D12: =SUM(Form_Responses[[#This Row],[1- I can always manage to solve difficult problems if I try hard enough.]:[10- I can usually handle whatever comes my way.]]) -> 32 | E12: =60+SUM(Form_Responses[[#This Row],[11- Robots are necessary because they can do jobs that are too hard or too dangerous for people ]:[15- Robots are a good thing for society, because they help people]])-SUM(Form_Responses[[#This Row],[16- Robots may make us even lazier ]:[20- Unregulated use of robotics can lead to societal upheavals]]) -> 73 | F12: =SUM(Form_Responses[[#This Row],[1- I can trust persons and organizations related to development of robots ]:[5- If robots had emotions, I would be able to be friend with them]]) -> 21 | G12: =SUM(Form_Responses[[#This Row],[6- I would feel uneasy if I was given a job where I had to use robots]:[10- I don’t want a robot to touch me]]) -> 8 | H12: =SUM(Form_Responses[[#This Row],[11- Robots are necessary because they can do jobs that are too hard or too dangerous for people ]:[15- Robots are a good thing for society, because they help people]]) -> 24 | I12: =SUM(Form_Responses[[#This Row],[16- Robots may make us even lazier ]:[20- Unregulated use of robotics can lead to societal upheavals]]) -> 11 | J12: =TA_NQY!E25+TA_NQO!E25 -> 530 | K12: =TA_QY!E25+TA_QO!E25 -> 139 | L12: 295 | M12: 412 | N12: 17 | O12: 22 | P12: 2 | Q12: 6 | R12: 4 | S12: 2 | T12: 2 | U12: 5 | V12: 10 | W12: 10 | X12: 3 | Y12: 4 | Z12: 1 | AA12: 2 | AB12: 9 | AC12: 10 | AD12: 10 | AE12: 10 | AF12: 8 | AG12: 9 | AH12: 8 | AI12: 9 | AJ12: 9 | AK12: 10 | AL12: 6 | AM12: 2
A13: 45915.572 | B13: P28 | C13: =Form_Responses[[#This Row],[SUM]]/10 -> 2.9 | D13: =SUM(Form_Responses[[#This Row],[1- I can always manage to solve difficult problems if I try hard enough.]:[10- I can usually handle whatever comes my way.]]) -> 29 | E13: =60+SUM(Form_Responses[[#This Row],[11- Robots are necessary because they can do jobs that are too hard or too dangerous for people ]:[15- Robots are a good thing for society, because they help people]])-SUM(Form_Responses[[#This Row],[16- Robots may make us even lazier ]:[20- Unregulated use of robotics can lead to societal upheavals]]) -> 70 | F13: =SUM(Form_Responses[[#This Row],[1- I can trust persons and organizations related to development of robots ]:[5- If robots had emotions, I would be able to be friend with them]]) -> 22 | G13: =SUM(Form_Responses[[#This Row],[6- I would feel uneasy if I was given a job where I had to use robots]:[10- I don’t want a robot to touch me]]) -> 8 | H13: =SUM(Form_Responses[[#This Row],[11- Robots are necessary because they can do jobs that are too hard or too dangerous for people ]:[15- Robots are a good thing for society, because they help people]]) -> 24 | I13: =SUM(Form_Responses[[#This Row],[16- Robots may make us even lazier ]:[20- Unregulated use of robotics can lead to societal upheavals]]) -> 14 | J13: =TA_NQY!E26+TA_NQO!E26 -> 254 | K13: =TA_QY!E26+TA_QO!E26 -> 497 | L13: 220 | M13: 326 | N13: 12 | O13: 18 | P13: 3 | Q13: 6 | R13: 4 | S13: 4 | T13: 3 | U13: 7 | V13: 10 | W13: 9 | X13: 3 | Y13: 6 | Z13: 2 | AA13: 1 | AB13: 6 | AC13: 8 | AD13: 7 | AE13: 8 | AF13: 8 | AG13: 7 | AH13: 7 | AI13: 7 | AJ13: 9 | AK13: 9 | AL13: 3 | AM13: 6
A14: 45916.481 | B14: P29 | C14: =Form_Responses[[#This Row],[SUM]]/10 -> 3 | D14: =SUM(Form_Responses[[#This Row],[1- I can always manage to solve difficult problems if I try hard enough.]:[10- I can usually handle whatever comes my way.]]) -> 30 | E14: =60+SUM(Form_Responses[[#This Row],[11- Robots are necessary because they can do jobs that are too hard or too dangerous for people ]:[15- Robots are a good thing for society, because they help people]])-SUM(Form_Responses[[#This Row],[16- Robots may make us even lazier ]:[20- Unregulated use of robotics can lead to societal upheavals]]) -> 69 | F14: =SUM(Form_Responses[[#This Row],[1- I can trust persons and organizations related to development of robots ]:[5- If robots had emotions, I would be able to be friend with them]]) -> 19 | G14: =SUM(Form_Responses[[#This Row],[6- I would feel uneasy if I was given a job where I had to use robots]:[10- I don’t want a robot to touch me]]) -> 7 | H14: =SUM(Form_Responses[[#This Row],[11- Robots are necessary because they can do jobs that are too hard or too dangerous for people ]:[15- Robots are a good thing for society, because they help people]]) -> 24 | I14: =SUM(Form_Responses[[#This Row],[16- Robots may make us even lazier ]:[20- Unregulated use of robotics can lead to societal upheavals]]) -> 15 | J14: =TA_NQY!E27+TA_NQO!E27 -> 454 | K14: =TA_QY!E27+TA_QO!E27 -> 159 | L14: 240 | M14: 260 | N14: 11 | O14: 12 | P14: 2 | Q14: 4 | R14: 2 | S14: 2 | T14: 3 | U14: 5 | V14: 10 | W14: 10 | X14: 3 | Y14: 5 | Z14: 1 | AA14: 1 | AB14: 10 | AC14: 10 | AD14: 10 | AE14: 10 | AF14: 10 | AG14: 10 | AH14: 10 | AI14: 10 | AJ14: 10 | AK14: 10 | AL14: 4 | AM14: 4
A15: 45916.566 | B15: P30 | C15: =Form_Responses[[#This Row],[SUM]]/10 -> 2.8 | D15: =SUM(Form_Responses[[#This Row],[1- I can always manage to solve difficult problems if I try hard enough.]:[10- I can usually handle whatever comes my way.]]) -> 28 | E15: =60+SUM(Form_Responses[[#This Row],[11- Robots are necessary because they can do jobs that are too hard or too dangerous for people ]:[15- Robots are a good thing for society, because they help people]])-SUM(Form_Responses[[#This Row],[16- Robots may make us even lazier ]:[20- Unregulated use of robotics can lead to societal upheavals]]) -> 65 | F15: =SUM(Form_Responses[[#This Row],[1- I can trust persons and organizations related to development of robots ]:[5- If robots had emotions, I would be able to be friend with them]]) -> 21 | G15: =SUM(Form_Responses[[#This Row],[6- I would feel uneasy if I was given a job where I had to use robots]:[10- I don’t want a robot to touch me]]) -> 8 | H15: =SUM(Form_Responses[[#This Row],[11- Robots are necessary because they can do jobs that are too hard or too dangerous for people ]:[15- Robots are a good thing for society, because they help people]]) -> 22 | I15: =SUM(Form_Responses[[#This Row],[16- Robots may make us even lazier ]:[20- Unregulated use of robotics can lead to societal upheavals]]) -> 17 | J15: =TA_NQY!E28+TA_NQO!E28 -> 276 | K15: =TA_QY!E28+TA_QO!E28 -> 378 | L15: 336 | M15: 420 | N15: 16 | O15: 20 | P15: 4 | Q15: 7 | R15: 3 | S15: 3 | T15: 6 | U15: 5 | V15: 10 | W15: 10 | X15: 6 | Y15: 6 | Z15: 2 | AA15: 7 | AB15: 9 | AC15: 8 | AD15: 7 | AE15: 9 | AF15: 8 | AG15: 9 | AH15: 8 | AI15: 9 | AJ15: 10 | AK15: 9 | AL15: 5 | AM15: 3
A16: 45917.608 | B16: P34 | C16: =Form_Responses[[#This Row],[SUM]]/10 -> 3.6 | D16: =SUM(Form_Responses[[#This Row],[1- I can always manage to solve difficult problems if I try hard enough.]:[10- I can usually handle whatever comes my way.]]) -> 36 | E16: =60+SUM(Form_Responses[[#This Row],[11- Robots are necessary because they can do jobs that are too hard or too dangerous for people ]:[15- Robots are a good thing for society, because they help people]])-SUM(Form_Responses[[#This Row],[16- Robots may make us even lazier ]:[20- Unregulated use of robotics can lead to societal upheavals]]) -> 78 | F16: =SUM(Form_Responses[[#This Row],[1- I can trust persons and organizations related to development of robots ]:[5- If robots had emotions, I would be able to be friend with them]]) -> 21 | G16: =SUM(Form_Responses[[#This Row],[6- I would feel uneasy if I was given a job where I had to use robots]:[10- I don’t want a robot to touch me]]) -> 9 | H16: =SUM(Form_Responses[[#This Row],[11- Robots are necessary because they can do jobs that are too hard or too dangerous for people ]:[15- Robots are a good thing for society, because they help people]]) -> 25 | I16: =SUM(Form_Responses[[#This Row],[16- Robots may make us even lazier ]:[20- Unregulated use of robotics can lead to societal upheavals]]) -> 7 | J16: =TA_NQY!E32+TA_NQO!E32 -> 202 | K16: =TA_QY!E32+TA_QO!E32 -> 564 | L16: 236 | M16: 373 | N16: 13 | O16: 17 | P16: 2 | Q16: 7 | R16: 3 | S16: 3 | T16: 5 | U16: 7 | V16: 8 | W16: 8 | X16: 5 | Y16: 3 | Z16: 2 | AA16: 2 | AB16: 7 | AC16: 8 | AD16: 8 | AE16: 9 | AF16: 6 | AG16: 7 | AH16: 5 | AI16: 6 | AJ16: 9 | AK16: 9 | AL16: 7 | AM16: 7
A17: 45918.561 | B17: P36 | C17: =Form_Responses[[#This Row],[SUM]]/10 -> 3.3 | D17: =SUM(Form_Responses[[#This Row],[1- I can always manage to solve difficult problems if I try hard enough.]:[10- I can usually handle whatever comes my way.]]) -> 33 | E17: =60+SUM(Form_Responses[[#This Row],[11- Robots are necessary because they can do jobs that are too hard or too dangerous for people ]:[15- Robots are a good thing for society, because they help people]])-SUM(Form_Responses[[#This Row],[16- Robots may make us even lazier ]:[20- Unregulated use of robotics can lead to societal upheavals]]) -> 57 | F17: =SUM(Form_Responses[[#This Row],[1- I can trust persons and organizations related to development of robots ]:[5- If robots had emotions, I would be able to be friend with them]]) -> 18 | G17: =SUM(Form_Responses[[#This Row],[6- I would feel uneasy if I was given a job where I had to use robots]:[10- I don’t want a robot to touch me]]) -> 12 | H17: =SUM(Form_Responses[[#This Row],[11- Robots are necessary because they can do jobs that are too hard or too dangerous for people ]:[15- Robots are a good thing for society, because they help people]]) -> 18 | I17: =SUM(Form_Responses[[#This Row],[16- Robots may make us even lazier ]:[20- Unregulated use of robotics can lead to societal upheavals]]) -> 21 | J17: =TA_NQY!E34+TA_NQO!E34 -> 177 | K17: =TA_QY!E34+TA_QO!E34 -> 447 | L17: 345 | M17: 386 | N17: 20 | O17: 22 | P17: 1 | Q17: 6 | R17: 5 | S17: 6 | T17: 2 | U17: 7 | V17: 7 | W17: 5 | X17: 3 | Y17: 4 | Z17: 2 | AA17: 1 | AB17: 7 | AC17: 6 | AD17: 7 | AE17: 6 | AF17: 8 | AG17: 7 | AH17: 7 | AI17: 7 | AJ17: 10 | AK17: 9 | AL17: 8 | AM17: 9
B19: average: | C19: =AVERAGE(C3:C17) -> 3.26 | D19: =AVERAGE(D3:D17) -> 32.6 | E19: =AVERAGE(E3:E17) -> 67.333333 | F19: =AVERAGE(F3:F17) -> 16.8 | G19: =AVERAGE(G3:G17) -> 8.9333333 | H19: =AVERAGE(H3:H17) -> 22.266667 | I19: =AVERAGE(I3:I17) -> 14.933333 | J19: =AVERAGE(J3:J17) -> 243 | ... AM19: =AVERAGE(AM3:AM17) -> 5.5333333
B20: SD: | C20: =_xlfn.STDEV.S(C3:C17) -> 0.33551666 | D20: =_xlfn.STDEV.S(D3:D17) -> 3.3551666 | E20: =_xlfn.STDEV.S(E3:E17) -> 5.4728768 | F20: =_xlfn.STDEV.S(F3:F17) -> 4.5387223 | G20: =_xlfn.STDEV.S(G3:G17) -> 2.6040262 | H20: =_xlfn.STDEV.S(H3:H17) -> 1.9444671 | I20: =_xlfn.STDEV.S(I3:I17) -> 4.6975171 | J20: =_xlfn.STDEV.S(J3:J17) -> 133.94348 | ... AM20: =_xlfn.STDEV.S(AM3:AM17) -> 2.6690466

Sheet pattern_abnormal
B1: Demographics | G1: Nasa TLX | L1: Nasa TlX | Z1: Post experiment
A2: Timestamp | B2: Participant ID: | C2: Self_Sum | D2: Robot_sum | E2: Assembly time | F2: Assembly time with question | G2: Robot N_task | H2: Robot N_task With question | I2: Mental | J2: Mental_q | K2: Physical | L2: Physical_q | M2: Temporal | N2: Temporal2 | O2: successful | P2: successful 2 | Q2: Effort | R2: Effort2 | S2: Frustration | T2: Frustration 2 | U2: Satisfaction | V2: Satisfaction2 | W2: Fairness | X2: Fairness2 | Y2: Efficency | Z2: Efficency2 | AA2: TA_satis | AB2: TA_satis2 | AC2: Willingness | AD2: Willingness2 | AE2: TA_diffi | AF2: TA_diffi2 | AG2: 1- What factors influenced how you assigned tasks between yourself and the robot? (Select all that apply) | AH2: 2- How did you decide whether to assign a task to yourself or the robot? | AI2: 3- What were your thoughts about the robot’s capabilities? | AJ2: 4- Did you feel the robot was better at any tasks than you? | AK2: 5- Did the collaboration feel balanced? | AL2: 6- Do you think if the robot was more capable you would allocate more tasks to it? | AM2: 7- Did you consider yourself and the robot as a team? Or did you feel you are the lead of it? | AN2: 8- What qualities of the robot influenced your allocation decisions? | AO2: 9- Did your opinion of the robot change during the task? | AP2: 10- If you could reallocate the tasks after this experience, what would you change and why?
A3: in the second experiment, without Q got chilled | B3: P12 | C3: 39 | D3: 64 | E3: =TA_NQY!F9+TA_NQO!F9 -> 341 | F3: 301 | G3: =TA_NQY!G9+TA_NQO!G9 -> 20 | H3: 19 | I3: 1 | J3: 6 | K3: 2 | L3: 3 | M3: 3 | N3: 7 | O3: 10 | P3: 9 | Q3: 2 | R3: 8 | S3: 1 | T3: 6 | U3: 10 | V3: 9 | W3: 10 | X3: 9 | Y3: 10 | Z3: 8 | AA3: 10 | AB3: 9 | AC3: 10 | AD3: 10 | AE3: 2 | AF3: 3 | AG3: Reducing waiting time, Workspace layout (how space is divided between me and the robot), Working at a comfortable pace, Robot’s limitations for certain tasks, Let the robot do the work | AH3: Limitations of the robot | AI3: Quite nice, but hopefully can be do more soon | AJ3: No, it was able to do the simple tasks | AK3: Yes, seemed good. I let the robot do the collaboration tasks first and then the robot only tasks. | AL3: Yes, could use time for something else | AM3: No, he is my work assistant | AN3: safe time for me | AO3: First, I thought optimizing the overal performance, then reducing my workload | AP3: I would not reallocate the tasks, but focus on iterative steps on improving the collaboration. I need to understand the capabilities of the robot first, before assigning tasks to it.
A4: Performed pretty good in both, check the TA for task steps | B4: P13 | C4: 30 | D4: 62 | E4: =TA_NQY!F10+TA_NQO!F10 -> 265 | F4: 300 | G4: =TA_NQY!G10+TA_NQO!G10 -> 14 | H4: 14 | I4: 3 | J4: 9 | K4: 6 | L4: 7 | M4: 8 | N4: 9 | O4: 4 | P4: 10 | Q4: 4 | R4: 7 | S4: 7 | T4: 5 | U4: 8 | V4: 10 | W4: 8 | X4: 10 | Y4: 6 | Z4: 10 | AA4: 3 | AB4: 10 | AC4: 10 | AD4: 10 | AE4: 4 | AF4: 5 | AG4: Reducing waiting time, Reducing total completion time | AH4: Previous tasks where the human had to do the job, where assiged to the robot, in order to work in parallel. | AI4: They were sufficient and helpful to work in parallel | AJ4: Not after doing it several times. But untrained for sure at all tasks. | AK4: Yes | AL4: Yes | AM4: It was like working with a partner. | AN4: The certainty of completing the task. Setting the first step so I can build on it and at the same time the robot can do further tasks, where I again can contribute. | AO4: No. I pro robot | AP4: The last run was perfect for me. The robot first needs to place the buildings where i can work on it. So i never have to wait for the robot.
A5: lack of skill with questions, in physical mode, performed good | B5: P15 | C5: 32 | D5: 73 | E5: =TA_NQY!F12+TA_NQO!F12 -> 244 | F5: 668 | G5: =TA_NQY!G12+TA_NQO!G12 -> 10 | H5: 17 | I5: 3 | J5: 7 | K5: 6 | L5: 4 | M5: 6 | N5: 5 | O5: 10 | P5: 6 | Q5: 6 | R5: 6 | S5: 3 | T5: 5 | U5: 9 | V5: 7 | W5: 10 | X5: 10 | Y5: 8 | Z5: 7 | AA5: 8 | AB5: 6 | AC5: 10 | AD5: 10 | AE5: 6 | AF5: 7 | AG5: Reducing total completion time | AH5: which is going to be faster | AI5: robot perform really good | AJ5: individually no, maybe robot is better at math | AK5: yes | AL5: yes | AM5: im in the lead, i would consider the robot a tool not a team mate | AN5: what can the robot do whitout stopping. | AO5: no | AP5: would be interesting to see if the robot can solve the math problems and if i can also allocate the math problems to the robot, what I would choose
A6: Average, Check if he kept same TA in both | B6: P17 | C6: 30 | D6: 69 | E6: =TA_NQY!F14+TA_NQO!F14 -> 343 | F6: 387 | G6: =TA_NQY!G14+TA_NQO!G14 -> 20 | H6: 20 | I6: 2 | J6: 5 | K6: 3 | L6: 3 | M6: 3 | N6: 5 | O6: 9 | P6: 10 | Q6: 3 | R6: 6 | S6: 1 | T6: 1 | U6: 10 | V6: 10 | W6: 10 | X6: 10 | Y6: 10 | Z6: 9 | AA6: 10 | AB6: 10 | AC6: 10 | AD6: 10 | AE6: 4 | AF6: 7 | AG6: Reducing waiting time, Reducing total completion time, Workspace layout (how space is divided between me and the robot), Robot’s limitations for certain tasks | AH6: I tried to maximiye parallel tasks. | AI6: It would be great if it could do the screw task. | AJ6: no | AK6: zes | AL6: if it was faster yes. | AM6: I was the lead. | AN6: Speed and movement direction. | AO6: yes when I found out how high it brings the objects. I tried to avoid being on its way by changing task order. | AP6: I would give the last parts of hostpital to myself because the robot did not align them well.
A7: with question mode, gave less tasks to the robot | B7: P19 | C7: 33 | D7: 57 | E7: =TA_NQY!F17+TA_NQO!F17 -> 287 | F7: 359 | G7: =TA_NQY!G17+TA_NQO!G17 -> 17 | H7: 16 | I7: 4 | J7: 8 | K7: 6 | L7: 5 | M7: 6 | N7: 7 | O7: 9 | P7: 9 | Q7: 5 | R7: 7 | S7: 1 | T7: 2 | U7: 8 | V7: 9 | W7: 9 | X7: 6 | Y7: 8 | Z7: 9 | AA7: 8 | AB7: 9 | AC7: 8 | AD7: 8 | AE7: 6 | AF7: 7 | AG7: Reducing waiting time, Reducing total completion time, Workspace layout (how space is divided between me and the robot), My own performance/abilities | AH7: With the reasons mentioned above and the mock tries before the main experiment. | AI7: I believe there is room for improvments as in doing more difficults tasks and make the task devition more fair. | AJ7: No, everything could actually be done easily as a human, but in the matter of collaboration, it did help with the time efficiency. | AK7: the last time yes, but as in fairness of task allocation, I belive it could learn more things to do. | AL7: Yes definatly. | AM7: The last round yes I would say. but overall I felt like allocation of the tasks, answering the pop up questions, and also working on the main tasks puts you kinda in a leading position, and also being aware of the position and the doings of the robat. | AN7: Speed, Movement and positioning | AO7: Yes, the last round I was happy that i caculated its speed and movement, therefore I felt we were working more as one, rather than just waiting for each other. | AP7: Nothing really, I feel like I found the best task allocation combination for both of us.
A8: with question mode, gave less tasks to the robot | B8: P21 | C8: 29 | D8: 66 | E8: =TA_NQY!F19+TA_NQO!F19 -> 401 | F8: 472 | G8: =TA_NQY!G19+TA_NQO!G19 -> 22 | H8: 19 | I8: 2 | J8: 6 | K8: 2 | L8: 4 | M8: 2 | N8: 7 | O8: 9 | P8: 7 | Q8: 4 | R8: 7 | S8: 1 | T8: 3 | U8: 8 | V8: 7 | W8: 3 | X8: 2 | Y8: 8 | Z8: 6 | AA8: 8 | AB8: 6 | AC8: 8 | AD8: 9 | AE8: 2 | AF8: 2 | AG8: Reducing waiting time, Reducing total completion time | AH8: I tried to assign as many tasks to the robot as possible | AI8: It is performing most of its assigned tasks well. | AJ8: No | AK8: Yes | AL8: Yes, many times the robot finished its assigned before I could finish mine | AM8: The robot behaves dominant during the task, as it does not wait for the human to finish his or her task to avoid collisions. | AN8: The amount of tasks it is capable to perform. | AO8: No | AP8: Yes, I would change the order. So that the human has to wait only as little as possible to start with the tasks assigned.
A9: safety and ability as reason | B9: P22 | C9: 38 | D9: 61 | E9: =TA_NQY!F20+TA_NQO!F20 -> 346 | F9: 396 | G9: =TA_NQY!G20+TA_NQO!G20 -> 20 | H9: 22 | I9: 2 | J9: 3 | K9: 2 | L9: 3 | M9: 2 | N9: 5 | O9: 9 | P9: 9 | Q9: 3 | R9: 6 | S9: 1 | T9: 1 | U9: 9 | V9: 9 | W9: 8 | X9: 7 | Y9: 8 | Z9: 7 | AA9: 8 | AB9: 7 | AC9: 10 | AD9: 10 | AE9: 2 | AF9: 2 | AG9: My own performance/abilities, Robot’s limitations for certain tasks, My safety (avoiding collisions with the robot) | AH9: After experimenting with the robot, I found that for example It woulkd be more efficient for me if I do the Wheel task by myself. | AI9: I thought it is quite interesting what he is capable of doing and it would make thing more efficient or easy if thez are implementet in some tasks or activities. | AJ9: Not really, I mean I can also place the things in their forms. The Robot also took its time to place the figures and sometimes they are not quite fix placed. | AK9: Yes, it did. It felt alright, like a team work | AL9: Sure, I think so. | AM9: It felt like a teamworked, while I was busy doing some tasks, he managed to do the rest. | AN9: It was more the position of the Bilduing rather than the Robot capacities. The way he moved also influenced wether I should start with a task or another. | AO9: No, I think it is useful and could be really nice id in the future could do more things. | AP9: Mazbe the position of the Wheel and the Hospital. If you want the robot to do most of the things but zou also want to be readz with your tasks, then you will probablz start with these 2 task, but because they are to aproximated to each other, it is kind of difficult to work wihtout colliding with the robot.
A10: gave all task to robot | B10: P23 | C10: 34 | D10: 65 | E10: =TA_NQY!F21+TA_NQO!F21 -> 409 | F10: 402 | G10: =TA_NQY!G21+TA_NQO!G21 -> 22 | H10: 22 | I10: 8 | J10: 4 | K10: 3 | L10: 3 | M10: 8 | N10: 4 | O10: 10 | P10: 10 | Q10: 3 | R10: 10 | S10: 8 | T10: 3 | U10: 10 | V10: 10 | W10: 10 | X10: 10 | Y10: 10 | Z10: 9 | AA10: 10 | AB10: 10 | AC10: 9 | AD10: 10 | AE10: 1 | AF10: 1 | AG10: Reducing waiting time, Reducing total completion time, Workspace layout (how space is divided between me and the robot), Working at a comfortable pace, Robot’s limitations for certain tasks, My safety (avoiding collisions with the robot) | AH10: If robot can do the tasks, than assign to robot. | AI10: Supporting task, ex. Holding a block during screwing or putting the blocks on the right place. avoiding colisions with my arms. | AJ10: yes, at the beginnig of the expereiment. Because I needed to unterstand the building process and it tooks some time at first. | AK10: yes. There was clear definition of which tasks can be done with robots and human. | AL10: yes, certainly, ex. Screwing or Cliking (?) of the Snap. | AM10: I felt I was the lead because I had to controlled and mangend the path of my amrs to avoid a collisions or checked in which stage the robot is working. | AN10: Capability of the Robot - Can robot do this? | AO10: yes, more positive | AP10: I would rellocate the tasks in the order of the position of the blocks > Robot puts the blocks from front to back so I can screw the Wheel and the hospital without collisions with the robot.
A11: gave all task to robot and knows it | B11: P24 | C11: 34 | D11: 62 | E11: =TA_NQY!F22+TA_NQO!F22 -> 370 | F11: 561 | G11: =TA_NQY!G22+TA_NQO!G22 -> 22 | H11: 22 | I11: 1 | J11: 3 | K11: 4 | L11: 3 | M11: 3 | N11: 4 | O11: 3 | P11: 8 | Q11: 1 | R11: 5 | S11: 1 | T11: 7 | U11: 3 | V11: 6 | W11: 2 | X11: 7 | Y11: 4 | Z11: 5 | AA11: 4 | AB11: 3 | AC11: 1 | AD11: 1 | AE11: 1 | AF11: 1 | AG11: more tasks for robot and less for me | AH11: assign to robot as much as possible | AI11: safe enough but very slow | AJ11: nope | AK11: no | AL11: no | AM11: team working: yes, lead robot: so so | AN11: no specific quality, I prefer to perfom less tasks | AO11: yes, it executed tasks slowly | AP11: maybe less tasks to robot
A12: with question mode, gave less tasks to the robot but perfomed better | B12: P25 | C12: 32 | D12: 72 | E12: =TA_NQY!F23+TA_NQO!F23 -> 335 | F12: 300 | G12: =TA_NQY!G23+TA_NQO!G23 -> 20 | H12: 18 | I12: 2 | J12: 4 | K12: 2 | L12: 2 | M12: 2 | N12: 5 | O12: 10 | P12: 8 | Q12: 2 | R12: 5 | S12: 1 | T12: 3 | U12: 10 | V12: 10 | W12: 8 | X12: 9 | Y12: 8 | Z12: 9 | AA12: 7 | AB12: 8 | AC12: 10 | AD12: 10 | AE12: 7 | AF12: 8 | AG12: Reducing waiting time, Reducing total completion time, Workspace layout (how space is divided between me and the robot), Robot’s limitations for certain tasks | AH12: I tried to allocate the tasks in a way that both the robot and I had something to do at all times. Usually i did the more complex tasks, while the robot did things where it only had to place the buildings. | AI12: It was capable of everything it was assigned to do, however some things were just faster to do by myself. I thought the robot could also to some of the screws but i am aware that this is more complex since it can´t really place the screw and screw it in at the same time. | AJ12: Yes, it was faster at finding the blocks and where to put them. Although i also got faster at it while completing the experiment more often. | AK12: yes | AL12: yes, but i would still want the total time to be minimal so I would take that into consideration | AM12: yes | AN12: The fact that it doesnt do any screwing and, i also tried to the tasks that requires more "complex" movement as these take rather long. | AO12: no | AP12: Maybe I would place something myself to at the end so i am not watching the robot finsish while doing nothing.
A13: randomly assigned | B13: P26 | C13: 24 | D13: 66 | E13: =TA_NQY!F24+TA_NQO!F24 -> 305 | F13: 410 | G13: =TA_NQY!G24+TA_NQO!G24 -> 16 | H13: 16 | I13: 8 | J13: 7 | K13: 8 | L13: 9 | M13: 9 | N13: 8 | O13: 9 | P13: 10 | Q13: 8 | R13: 7 | S13: 1 | T13: 2 | U13: 9 | V13: 9 | W13: 10 | X13: 10 | Y13: 10 | Z13: 9 | AA13: 10 | AB13: 9 | AC13: 9 | AD13: 9 | AE13: 3 | AF13: 4 | AG13: Random choice, Reducing waiting time, Robot’s limitations for certain tasks | AH13: In couple of tasks random, for the others considered waiting time for efficiency | AI13: Good, just it could be better for putting parts in the places more precisely. | AJ13: Yes, for some parts I was mixing the directions, e.g. hospital. The robots could put it faster than me. | AK13: Yes. | AL13: Exactly. I allocated some parts to me since I saw that it was more difficult to put it precisely. | AM13: I can consider. Just I should check afterwards what the robot completed whether it is correct. | AN13: The interlocking of two parts, e.g. dovetail | AO13: Yes, I was not sure how we could collaborate together while assembling two pieces together closely like in the hospital part. But surprisingly got used to work with it. | AP13: I wouldn't work with him on the same task; I would allocate him tasks that I wasn't involved in. This slowed me down more than it should have.
A14: gave few tasks to robot but perfomed well | B14: P29 | C14: 37 | D14: 56 | E14: =TA_NQY!F27+TA_NQO!F27 -> 240 | F14: 260 | G14: =TA_NQY!G27+TA_NQO!G27 -> 11 | H14: 12 | I14: 2 | J14: 4 | K14: 2 | L14: 2 | M14: 3 | N14: 5 | O14: 10 | P14: 10 | Q14: 3 | R14: 5 | S14: 1 | T14: 1 | U14: 10 | V14: 10 | W14: 10 | X14: 10 | Y14: 10 | Z14: 10 | AA14: 10 | AB14: 10 | AC14: 10 | AD14: 10 | AE14: 4 | AF14: 4 | AG14: Reducing waiting time, Reducing total completion time, My own performance/abilities, Robot’s limitations for certain tasks | AH14: If I can finish the task before in time so he can start with the following aready, or calculating in some buffer time to answer some questions. | AI14: He can offload task but cant do them better | AJ14: No, he was there to paralellisiese the task while I had to answer questions or so | AK14: For me yes, but it was not equal for both | AL14: No he is not more capable | AM14: I was the lead | AN14: Speed | AO14: No | AP14: No everything worked out perfectly
A15: check for ta if it's the same | B15: P31 | C15: 26 | D15: 72 | E15: =TA_NQY!F29+TA_NQO!F29 -> 387 | F15: 371 | G15: =TA_NQY!G29+TA_NQO!G29 -> 17 | H15: 17 | I15: 3 | J15: 6 | K15: 2 | L15: 2 | M15: 5 | N15: 5 | O15: 10 | P15: 9 | Q15: 6 | R15: 4 | S15: 4 | T15: 7 | U15: 10 | V15: 8 | W15: 6 | X15: 8 | Y15: 9 | Z15: 8 | AA15: 9 | AB15: 7 | AC15: 9 | AD15: 10 | AE15: 8 | AF15: 9 | AG15: Reducing waiting time, Reducing total completion time, Robot’s limitations for certain tasks | AH15: Tried to think about how long it takes me and the robot to complete a task, and then assign the tasks such that we both finish at the same time in the end, maximizing efficiency. | AI15: Something that I forgot to take into account is how precise the robot is, meaning that although it does not move as fast, the movement it does is calculated and does not waste time. | AJ15: Maybe sliding the dovetail upper part in, it seemed strangely efficient at that. | AK15: For the most part, yes. | AL15: Definitely. | AM15: I felt like a team, maybe even as if the robot was the lead on some occassions, as it always finished before me. | AN15: Probably the fact that that it is not able to do the screwing parts. | AO15: It did, in the beginning I did not assign as many tasks to it, as I thought that I will be faster than the robot. By the last experiment I basically almost allocated all the tasks the robot could do to it. | AP15: I think moving the wheel holder placement higher, as during the last run I was waiting a bit too long for that to be placed. Except that, I believe the allocation was fine.
A16: normal | B16: P32 | C16: 39 | D16: 68 | E16: =TA_NQY!F30+TA_NQO!F30 -> 311 | F16: 417 | G16: =TA_NQY!G30+TA_NQO!G30 -> 18 | H16: 20 | I16: 2 | J16: 4 | K16: 2 | L16: 2 | M16: 3 | N16: 6 | O16: 10 | P16: 10 | Q16: 5 | R16: 7 | S16: 3 | T16: 5 | U16: 10 | V16: 9 | W16: 10 | X16: 9 | Y16: 10 | Z16: 8 | AA16: 10 | AB16: 9 | AC16: 9 | AD16: 9 | AE16: 6 | AF16: 7 | AG16: Reducing waiting time, Workspace layout (how space is divided between me and the robot), Robot’s limitations for certain tasks, My safety (avoiding collisions with the robot) | AH16: Based on the experienced waiting time | AI16: Keeping the pace. precision | AJ16: Precision of placement, no error in orders | AK16: yes | AL16: yes | AM16: yes, we are a team | AN16: the limitations and the safety in the workspace | AO16: no, it was positive from beginning | AP16: The last allocation of tasks was optimal, minimum stall time for me and robot, safety in the mvements
A17: for second experiment with Q performed better | B17: P33 | C17: 31 | D17: 64 | E17: =TA_NQY!F31+TA_NQO!F31 -> 298 | F17: 281 | G17: =TA_NQY!G31+TA_NQO!G31 -> 17 | H17: 16 | I17: 6 | J17: 9 | K17: 3 | L17: 4 | M17: 3 | N17: 7 | O17: 10 | P17: 9 | Q17: 8 | R17: 9 | S17: 8 | T17: 4 | U17: 7 | V17: 8 | W17: 8 | X17: 9 | Y17: 6 | Z17: 10 | AA17: 6 | AB17: 9 | AC17: 8 | AD17: 10 | AE17: 8 | AF17: 10 | AG17: Reducing waiting time, Workspace layout (how space is divided between me and the robot), Robot’s limitations for certain tasks | AH17: Taking into account the pop-up questions helped with the waiting times for the robot, as if timed correctly the questions can basically mask the time spent waiting for the robot to complete its tasks. Otherwise, the robot is fairly slow with picking up and placing the pieces, so complex parts can be shifted to be mostly done by humans, or in the case of the museum, the robot was not properly placing the piece. | AI17: It is ok, but I would prefer it if it were doing the screwing and detailed tasks like passing the rod through the buildings, as I feel it's were most of the effort is. | AJ17: No | AK17: Somewhat, once the paths of the robot are fixed and well-known it is easier to work around it | AL17: Definitely, especially for screwing | AM17: It felt more like the robot was helping me, rather than working together, also because the robot was not getting the pop-up questions | AN17: Its slowness | AO17: With the pop-up questions it actually improved a bit, because its slowness was on-par with the context switching for taking care of the pop-up questions | AP17: I am fairly satisfied with how I placed the tasks for the pop-up questions, so nothing
A18: gave all to the robot, perfomed bad | B18: P35 | C18: 34 | D18: 71 | E18: =TA_NQY!F33+TA_NQO!F33 -> 383 | F18: 392 | G18: =TA_NQY!G33+TA_NQO!G33 -> 22 | H18: 22 | I18: 3 | J18: 4 | K18: 3 | L18: 3 | M18: 4 | N18: 4 | O18: 10 | P18: 9 | Q18: 3 | R18: 4 | S18: 1 | T18: 2 | U18: 9 | V18: 9 | W18: 10 | X18: 10 | Y18: 10 | Z18: 10 | AA18: 10 | AB18: 10 | AC18: 10 | AD18: 9 | AE18: 2 | AF18: 2 | AG18: Reducing total completion time, My own performance/abilities, Robot’s limitations for certain tasks | AH18: most demanding tasks at first, then the robot does the work | AI18: Very good, but could be quicker | AJ18: no | AK18: yes | AL18: yes | AM18: yes, team | AN18: Moving parts to the right place, when it makes the most sense | AO18: no | AP18: actually nothing
A24: CATEGORY:
A25: normal | B25: many | D25: 15
A26: lack of skill in mental load, but good in physical | B26: P15 | C26: normal | D26: -
A27: didn’t aim for optimization but performed normal | B27: P22,P26 | C27: normal | D27: -
A28: gave few tasks to robot but performed good | B28: P29 | C28: normal | D28: -
A29: in second experiment with Q, gave less to robot and performed better | B29: P25, P33 | D29: 2
A30: in second experiment with Q, gave less to robot and performed normal | B30: P19,P21 | D30: 2
A31: in second experiment without Q got chilled | B31: P12 | D31: 1
A32: Gave all the tasks to the robot | B32: P23, P24,P35 | D32: 3
A33: Gave same amount of tasks to the robot in both scenarios | B33: P13, P17, P31 | D33: 3

Sheet pattern_normal
B1: Demographics | G1: Self Assesment | Q1: General Attitude toward robots | AO1: Nasa TLX | BB1: Nasa TlX | BS1: Post experiment
A2: Timestamp | B2: Participant ID: | C2: Gender | D2: Age | E2: Have you ever had any experience cooperating or interacting with a robot before this experiment? | F2: 1- Is the robot’s presence pleasant to you? | G2: 1- I can always manage to solve difficult problems if I try hard enough. | H2: 2- If someone opposes me, I can find the means and ways to get what I want. | I2: 3- It is easy for me to stick to my aims and accomplish my goals. | J2: 4- I am confident that I could deal efficiently with unexpected events. | K2: 5- Thanks to my resourcefulness, I know how to handle unforeseen situations. | L2: 6- I can solve most problems if I invest the necessary effort. | M2: 7- I can remain calm when facing difficulties because I can rely on my coping abilities. | N2: 8- When I am confronted with a problem, I can usually find several solutions. | O2: 9- If I am in trouble, I can usually think of a solution. | P2: 10- I can usually handle whatever comes my way. | Q2: Mean | R2: SUM | S2: 1- I can trust persons and organizations related to development of robots | T2: 2- Persons and organizations related to development of robots will consider the needs, thoughts and feelings of their users | U2: 3- I can trust a robot | V2: 4- I would feel relaxed talking with a robot | W2: 5- If robots had emotions, I would be able to be friend with them | X2: 6- I would feel uneasy if I was given a job where I had to use robots | Y2: 7- I fear that a robot would not understand my commands | Z2: 8- Robots scare me | AA2: 9- I would feel very nervous just being around a robot | AB2: 10- I don’t want a robot to touch me | AC2: 11- Robots are necessary because they can do jobs that are too hard or too dangerous for people | AD2: 12- Robots can make life easier | AE2: 13- Assigning routine tasks to robots lets people do more meaningful tasks | AF2: 14- Dangerous tasks should primarily be given to robots | AG2: 15- Robots are a good thing for society, because they help people | AH2: 16- Robots may make us even lazier | AI2: 17- Widespread use of robots is going to take away jobs from people | AJ2: 18- I am afraid that robots will encourage less interaction between humans | AK2: 19- Robotics is one of the areas of technology that needs to be closely monitored | AL2: 20- Unregulated use of robotics can lead to societal upheavals | AM2: Sum( reversed negative values) | AN2: Personal positive | AO2: Personal negative | AP2: Social Posiitve | AQ2: Social negative | AR2: Please indicate the scenario you just completed: | AS2: TA Time_NQ | AT2: Assembly time | AU2: Robot N_task | AV2: 1.) Mental Demand: How much thinking, deciding, or calculating was required to perform the tasks? | AW2: 2.) Physical Demand: How much physical activity was required to perform the tasks? | AX2: 3.) Temporal Demand: How hurried or rushed was the pace of the tasks? | AY2: 4.) Performance: How successful were you in accomplishing what you were asked to do? | AZ2: 5.) Effort: How hard did you have to work to accomplish and maintain your level of performance? | BA2: 6.) Frustration: How insecure, discouraged, irritated, stressed, and annoyed were you? | BB2: 7.) Satisfaction: How satisfied were you with the outcome of the collaboration. | BC2: 8.) Fairness: How fair do you think your task allocation was? | BD2: 9.) Efficency: How efficient your task allocation was? | BE2: 10.) Task Allocation: How satisfied are you with your task allocation? | BF2: 11.) Willingness: Are you willing to collaborate with this robot on more important tasks? | BG2: 12.) Decision-Making: How difficult was it to decide which tasks to assign to yourself versus the robot? | BH2: Please indicate the scenario you just completed: | BI2: Assembly time with question | BJ2: Robot N_task With question | BK2: 1.) Mental Demand: How much thinking, deciding, or calculating was required to perform the tasks?2 | BL2: 2.) Physical Demand: How much physical activity was required to perform the tasks? 3 | BM2: 3.) Temporal Demand: How hurried or rushed was the pace of the tasks?4 | BN2: 4.) Performance: How successful were you in accomplishing what you were asked to do?5 | BO2: 5.) Effort: How hard did you have to work to accomplish and maintain your level of performance?6 | BP2: 6.) Frustration: How insecure, discouraged, irritated, stressed, and annoyed were you? 7 | BQ2: 7.) Satisfaction: How satisfied were you with the outcome of the collaboration.8 | BR2: 8.) Fairness: How fair do you think your task allocation was? 9 | BS2: 9.) Efficiency: How efficient your task allocation was? | BT2: 10.) Task Allocation: How satisfied are you with your task allocation?10 | BU2: 11.) Willingness: Are you willing to collaborate with this robot on more important tasks?11 | BV2: 12.) Decision-Making: How difficult was it to decide which tasks to assign to yourself versus the robot?12 | BW2: 1- What factors influenced how you assigned tasks between yourself and the robot? (Select all that apply) | BX2: 2- How did you decide whether to assign a task to yourself or the robot? | BY2: 3- What were your thoughts about the robot’s capabilities? | BZ2: 4- Did you feel the robot was better at any tasks than you? | CA2: 5- Did the collaboration feel balanced? | CB2: 6- Do you think if the robot was more capable you would allocate more tasks to it? | CC2: 7- Did you consider yourself and the robot as a team? Or did you feel you are the lead of it? | CD2: 8- What qualities of the robot influenced your allocation decisions? | CE2: 9- Did your opinion of the robot change during the task? | CF2: 10- If you could reallocate the tasks after this experience, what would you change and why?
A3: 45909.445 | B3: p11 | C3: Female | D3: 31 | E3: Yes | F3: 4 | G3: 4 | H3: 3 | I3: 4 | J3: 3 | K3: 2 | L3: 4 | M3: 2 | N3: 3 | O3: 4 | P3: 3 | Q3: =Form_Responses[[#This Row],[SUM]]/10 -> 3.1 | R3: =SUM(Form_Responses[[#This Row],[1- I can always manage to solve difficult problems if I try hard enough.]:[10- I can usually handle whatever comes my way.]]) -> 31 | S3: 5 | T3: 5 | U3: 5 | V3: 5 | W3: 5 | X3: 1 | Y3: 1 | Z3: 1 | AA3: 1 | AB3: 1 | AC3: 5 | AD3: 5 | AE3: 5 | AF3: 5 | AG3: 4 | AH3: 4 | AI3: 4 | AJ3: 4 | AK3: 5 | AL3: 4 | AM3: =60+SUM(Form_Responses[[#This Row],[11- Robots are necessary because they can do jobs that are too hard or too dangerous for people ]:[15- Robots are a good thing for society, because they help people]])-SUM(Form_Responses[[#This Row],[16- Robots may make us even lazier ]:[20- Unregulated use of robotics can lead to societal upheavals]]) -> 64 | AN3: =SUM(Form_Responses[[#This Row],[1- I can trust persons and organizations related to development of robots ]:[5- If robots had emotions, I would be able to be friend with them]]) -> 10 | AO3: =SUM(Form_Responses[[#This Row],[6- I would feel uneasy if I was given a job where I had to use robots]:[10- I don’t want a robot to touch me]]) -> 9 | AP3: =SUM(Form_Responses[[#This Row],[11- Robots are necessary because they can do jobs that are too hard or too dangerous for people ]:[15- Robots are a good thing for society, because they help people]]) -> 22 | AQ3: =SUM(Form_Responses[[#This Row],[16- Robots may make us even lazier ]:[20- Unregulated use of robotics can lead to societal upheavals]]) -> 18 | AR3: Without pop-up questions | AS3: =TA_NQY!F3+TA_NQO!F3 -> 332 | AT3: =TA_NQY!F8+TA_NQO!F8 -> 347 | AU3: =TA_NQY!G8+TA_NQO!G8 -> 19 | AV3: 4 | AW3: 7 | AX3: 6 | AY3: 10 | AZ3: 7 | BA3: 6 | BB3: 10 | BC3: 10 | BD3: 9 | BE3: 9 | BF3: 10 | BG3: 4 | BH3: With pop-up questions | BI3: =TA_QY!F8+TA_QO!F8 -> 581 | BJ3: =TA_QY!G8+TA_QO!G8 -> 21 | BK3: 10 | BL3: 9 | BM3: 8 | BN3: 10 | BO3: 9 | BP3: 9 | BQ3: 9 | BR3: 8 | BS3: 9 | BT3: 9 | BU3: 10 | BV3: 10 | BW3: Reducing waiting time, Reducing total completion time | BX3: Not to wait for robot, but whith pop up questions it was much more complicated. | BY3: It was good, I liked how it was doing dovetail uper parts. | BZ3: No, but when I needed to think for questions it was better. | CA3: Yes, I feel if I had one more round it could be optimized in both set up. | CB3: Yes, probably doing screw with nuts. | CC3: more like a team that I needed to adjust my moves to it and when is the optimom time to do the task and not to crash. | CD3: low pace of robot made me sometimes change the allocations | CE3: no | CF3: for without question I do wheel myself and second part of bridge and second part of hospital, for with questions just I do the second part of hospital and the rest with robot.
A4: 45909.613 | B4: P14 | C4: Female | D4: 26 | E4: No | F4: 3 | G4: 3 | H4: 3 | I4: 2 | J4: 4 | K4: 4 | L4: 4 | M4: 4 | N4: 3 | O4: 4 | P4: 3 | Q4: =Form_Responses[[#This Row],[SUM]]/10 -> 3.3 | R4: =SUM(Form_Responses[[#This Row],[1- I can always manage to solve difficult problems if I try hard enough.]:[10- I can usually handle whatever comes my way.]]) -> 33 | S4: 3 | T4: 3 | U4: 4 | V4: 2 | W4: 3 | X4: 1 | Y4: 2 | Z4: 1 | AA4: 1 | AB4: 1 | AC4: 5 | AD4: 5 | AE4: 5 | AF4: 5 | AG4: 4 | AH4: 2 | AI4: 2 | AJ4: 1 | AK4: 4 | AL4: 2 | AM4: =60+SUM(Form_Responses[[#This Row],[11- Robots are necessary because they can do jobs that are too hard or too dangerous for people ]:[15- Robots are a good thing for society, because they help people]])-SUM(Form_Responses[[#This Row],[16- Robots may make us even lazier ]:[20- Unregulated use of robotics can lead to societal upheavals]]) -> 64 | AN4: =SUM(Form_Responses[[#This Row],[1- I can trust persons and organizations related to development of robots ]:[5- If robots had emotions, I would be able to be friend with them]]) -> 17 | AO4: =SUM(Form_Responses[[#This Row],[6- I would feel uneasy if I was given a job where I had to use robots]:[10- I don’t want a robot to touch me]]) -> 8 | AP4: =SUM(Form_Responses[[#This Row],[11- Robots are necessary because they can do jobs that are too hard or too dangerous for people ]:[15- Robots are a good thing for society, because they help people]]) -> 23 | AQ4: =SUM(Form_Responses[[#This Row],[16- Robots may make us even lazier ]:[20- Unregulated use of robotics can lead to societal upheavals]]) -> 19 | AR4: Without pop-up questions | AS4: =TA_NQY!F4+TA_NQO!F4 -> 384 | AT4: =TA_NQY!F11+TA_NQO!F11 -> 311 | AU4: =TA_NQY!G11+TA_NQO!G11 -> 19 | AV4: 2 | AW4: 2 | AX4: 2 | AY4: 8 | AZ4: 3 | BA4: 1 | BB4: 9 | BC4: 6 | BD4: 4 | BE4: 7 | BF4: 10 | BG4: 4 | BH4: With pop-up questions | BI4: =TA_QY!F11+TA_QO!F11 -> 374 | BJ4: =TA_QY!G11+TA_QO!G11 -> 22 | BK4: 5 | BL4: 3 | BM4: 4 | BN4: 7 | BO4: 4 | BP4: 1 | BQ4: 9 | BR4: 8 | BS4: 8 | BT4: 8 | BU4: 8 | BV4: 3 | BW4: Reducing waiting time, Reducing total completion time, Robot’s limitations for certain tasks | BX4: Based on how fast I vs. the robot would be able to do it. | BY4: Very impresive, although the robot having to go back to its original starting location between tasks might be unefficient in more time sensitive tasks. | BZ4: More presiye and less prone to mistakes. While i might knock a building block with my arm while building, the robot does not. | CA4: Yes | CB4: No, I felt the robot was capable enough. | CC4: Yes, I felt we were a team. | CD4: The speed with which the robot would complete a task and whether or not if the robot was capable of it. | CE4: No. | CF4: I might try to divide the tasks between the robot and myself more to reduce my waiting time while the robot works.
A5: 45909.663 | B5: P15 | C5: Male | D5: 28 | E5: Yes | F5: 4 | G5: 4 | H5: 3 | I5: 3 | J5: 3 | K5: 4 | L5: 3 | M5: 3 | N5: 3 | O5: 3 | P5: 3 | Q5: =Form_Responses[[#This Row],[SUM]]/10 -> 3.4 | R5: =SUM(Form_Responses[[#This Row],[1- I can always manage to solve difficult problems if I try hard enough.]:[10- I can usually handle whatever comes my way.]]) -> 34 | S5: 4 | T5: 3 | U5: 5 | V5: 4 | W5: 5 | X5: 1 | Y5: 4 | Z5: 1 | AA5: 1 | AB5: 1 | AC5: 5 | AD5: 5 | AE5: 5 | AF5: 4 | AG5: 5 | AH5: 5 | AI5: 3 | AJ5: 1 | AK5: 1 | AL5: 1 | AM5: =60+SUM(Form_Responses[[#This Row],[11- Robots are necessary because they can do jobs that are too hard or too dangerous for people ]:[15- Robots are a good thing for society, because they help people]])-SUM(Form_Responses[[#This Row],[16- Robots may make us even lazier ]:[20- Unregulated use of robotics can lead to societal upheavals]]) -> 64 | AN5: =SUM(Form_Responses[[#This Row],[1- I can trust persons and organizations related to development of robots ]:[5- If robots had emotions, I would be able to be friend with them]]) -> 14 | AO5: =SUM(Form_Responses[[#This Row],[6- I would feel uneasy if I was given a job where I had to use robots]:[10- I don’t want a robot to touch me]]) -> 9 | AP5: =SUM(Form_Responses[[#This Row],[11- Robots are necessary because they can do jobs that are too hard or too dangerous for people ]:[15- Robots are a good thing for society, because they help people]]) -> 22 | AQ5: =SUM(Form_Responses[[#This Row],[16- Robots may make us even lazier ]:[20- Unregulated use of robotics can lead to societal upheavals]]) -> 18 | AR5: Without pop-up questions | AS5: =TA_NQY!F5+TA_NQO!F5 -> 332 | AT5: =TA_NQY!G5+TA_NQO!G5 -> 14 | AU5: 3 | AV5: 6 | AW5: 6 | AX5: 10 | AY5: 6 | AZ5: 3 | BA5: 9 | BB5: 10 | BC5: 8 | BD5: 8 | BE5: 10 | BF5: 6 | BG5: With pop-up questions | BH5: =TA_NQY!E5+TA_NQO!E5 -> 169 | BI5: =TA_QY!E5+TA_QO!E5 -> 134 | BJ5: =TA_QY!F5+TA_QO!F5 -> 258 | BK5: =TA_QY!G5+TA_QO!G5 -> 14 | BL5: 7 | BM5: 4 | BN5: 5 | BO5: 6 | BP5: 6 | BQ5: 5 | BR5: 7 | BS5: 10 | BT5: 7 | BU5: 6 | BV5: 10 | BW5: 7 | BX5: Reducing total completion time | BY5: which is going to be faster | BZ5: robot perform really good | CA5: individually no, maybe robot is better at math | CB5: yes | CC5: yes | CD5: im in the lead, i would consider the robot a tool not a team mate | CE5: what can the robot do whitout stopping. | CF5: no | CG5: would be interesting to see if the robot can solve the math problems and if i can also allocate the math problems to the robot, what I would choose
A6: 45909.707 | B6: P16 | C6: Female | D6: 25 | E6: No | F6: 4 | G6: 3 | H6: 2 | I6: 3 | J6: 3 | K6: 3 | L6: 4 | M6: 4 | N6: 2 | O6: 3 | P6: 2 | Q6: =Form_Responses[[#This Row],[SUM]]/10 -> 3.9 | R6: =SUM(Form_Responses[[#This Row],[1- I can always manage to solve difficult problems if I try hard enough.]:[10- I can usually handle whatever comes my way.]]) -> 39 | S6: 4 | T6: 3 | U6: 5 | V6: 5 | W6: 5 | X6: 1 | Y6: 2 | Z6: 1 | AA6: 1 | AB6: 3 | AC6: 5 | AD6: 5 | AE6: 5 | AF6: 5 | AG6: 4 | AH6: 3 | AI6: 2 | AJ6: 2 | AK6: 5 | AL6: 2 | AM6: =60+SUM(Form_Responses[[#This Row],[11- Robots are necessary because they can do jobs that are too hard or too dangerous for people ]:[15- Robots are a good thing for society, because they help people]])-SUM(Form_Responses[[#This Row],[16- Robots may make us even lazier ]:[20- Unregulated use of robotics can lead to societal upheavals]]) -> 72 | AN6: =SUM(Form_Responses[[#This Row],[1- I can trust persons and organizations related to development of robots ]:[5- If robots had emotions, I would be able to be friend with them]]) -> 16 | AO6: =SUM(Form_Responses[[#This Row],[6- I would feel uneasy if I was given a job where I had to use robots]:[10- I don’t want a robot to touch me]]) -> 8 | AP6: =SUM(Form_Responses[[#This Row],[11- Robots are necessary because they can do jobs that are too hard or too dangerous for people ]:[15- Robots are a good thing for society, because they help people]]) -> 19 | AQ6: =SUM(Form_Responses[[#This Row],[16- Robots may make us even lazier ]:[20- Unregulated use of robotics can lead to societal upheavals]]) -> 7 | AR6: Without pop-up questions | AS6: =TA_NQY!F6+TA_NQO!F6 -> 282 | AT6: =TA_NQY!F13+TA_NQO!F13 -> 305 | AU6: =TA_NQY!G13+TA_NQO!G13 -> 15 | AV6: 1 | AW6: 5 | AX6: 2 | AY6: 10 | AZ6: 6 | BA6: 2 | BB6: 9 | BC6: 8 | BD6: 8 | BE6: 8 | BF6: 10 | BG6: 8 | BH6: With pop-up questions | BI6: =TA_QY!F13+TA_QO!F13 -> 433 | BJ6: =TA_QY!G13+TA_QO!G13 -> 19 | BK6: 6 | BL6: 6 | BM6: 8 | BN6: 9 | BO6: 7 | BP6: 5 | BQ6: 8 | BR6: 7 | BS6: 4 | BT6: 6 | BU6: 10 | BV6: 8 | BW6: Reducing waiting time, Reducing total completion time, Workspace layout (how space is divided between me and the robot), Robot’s limitations for certain tasks, My safety (avoiding collisions with the robot) | BX6: I thought about how I could allocate the tasks, so that I don't sit waiting around for the robot to finish certain tasks | BY6: very good, it was preciser than I thought and was moving in a sense that I could work around it | BZ6: no | CA6: at the end yes, when I realised which allocation would make more sense | CB6: Yes definitely | CC6: I felt like a team, moreso I had the feeling that the robot was the lead and I was assisting it | CD6: the robot not being able to detect my hand, when working around it | CE6: not much, I had a good one from the beginning | CF6: try to make it even more efficient, so I can already place certain building parallel and try to put the screwing parts to the end
A7: 45910.585 | B7: P18 | C7: Male | D7: 26 | E7: Yes | F7: 4 | G7: 3 | H7: 3 | I7: 3 | J7: 2 | K7: 3 | L7: 3 | M7: 3 | N7: 2 | O7: 3 | P7: 3 | Q7: =Form_Responses[[#This Row],[SUM]]/10 -> 3 | R7: =SUM(Form_Responses[[#This Row],[1- I can always manage to solve difficult problems if I try hard enough.]:[10- I can usually handle whatever comes my way.]]) -> 30 | S7: 5 | T7: 4 | U7: 5 | V7: 4 | W7: 3 | X7: 2 | Y7: 1 | Z7: 1 | AA7: 1 | AB7: 3 | AC7: 5 | AD7: 5 | AE7: 5 | AF7: 4 | AG7: 3 | AH7: 4 | AI7: 2 | AJ7: 3 | AK7: 4 | AL7: 4 | AM7: =60+SUM(Form_Responses[[#This Row],[11- Robots are necessary because they can do jobs that are too hard or too dangerous for people ]:[15- Robots are a good thing for society, because they help people]])-SUM(Form_Responses[[#This Row],[16- Robots may make us even lazier ]:[20- Unregulated use of robotics can lead to societal upheavals]]) -> 71 | AN7: =SUM(Form_Responses[[#This Row],[1- I can trust persons and organizations related to development of robots ]:[5- If robots had emotions, I would be able to be friend with them]]) -> 20 | AO7: =SUM(Form_Responses[[#This Row],[6- I would feel uneasy if I was given a job where I had to use robots]:[10- I don’t want a robot to touch me]]) -> 9 | AP7: =SUM(Form_Responses[[#This Row],[11- Robots are necessary because they can do jobs that are too hard or too dangerous for people ]:[15- Robots are a good thing for society, because they help people]]) -> 21 | AQ7: =SUM(Form_Responses[[#This Row],[16- Robots may make us even lazier ]:[20- Unregulated use of robotics can lead to societal upheavals]]) -> 10 | AR7: Without pop-up questions | AS7: =TA_NQY!F7+TA_NQO!F7 -> 343 | AT7: =TA_NQY!F15+TA_NQO!F15 -> 250 | AU7: =TA_NQY!G15+TA_NQO!G15 -> 13 | AV7: 5 | AW7: 5 | AX7: 6 | AY7: 9 | AZ7: 5 | BA7: 2 | BB7: 9 | BC7: 8 | BD7: 7 | BE7: 9 | BF7: 9 | BG7: 8 | BH7: With pop-up questions | BI7: =TA_QY!F15+TA_QO!F15 -> 356 | BJ7: =TA_QY!G15+TA_QO!G15 -> 19 | BK7: 8 | BL7: 4 | BM7: 8 | BN7: 9 | BO7: 7 | BP7: 2 | BQ7: 9 | BR7: 7 | BS7: 8 | BT7: 8 | BU7: 9 | BV7: 8 | BW7: Reducing waiting time, Reducing total completion time, Workspace layout (how space is divided between me and the robot) | BX7: My goal was to reduce the time for the task. Therefore, I tried to assign task to the robot where I need to do the tasks which the robot cannot perform. Then I had a look at the layout where I need to perform the task to enable work in parallel. And if possible I assigned to to me because I am faster. | BY7: I did not really consider this because it was already predefined which task the robot can do which tasks the robot cannot do but for example the assempz of the dovetail i take over because at the first place it was not fully assembled. All the other task are very good performed by the robot. | BZ7: I would say not but it was good to have his support at the task to work in parallel. | CA7: Not always because for example at both round the robot finished already earlier than be which could be more optimized but generally it was a good balance | CB7: If the movments are faster then probably yes because this is currently from my perspective which makes him slow. | CC7: I would consider us as a team because we worked together on the project and were successfully. | CD7: I did not really consider the qualitites of the robot because in the first place I saw the robot is able to do the task good and this supported that I can assign him the available task and do not consider other qualities of the robots. | CE7: No, I always saw it the way that the robot and I am a team and we are working together on the project to finish it fast.. | CF7: I would better manage it that I and the robot finish at the same time because when the robot is doing nothing at the and it does not really reduce the cycle time. And also consider more the layout because at a run I looked at the wrong workplace because the arranged differently where the robot is comming and then I could not work that in parallel as I wished.
A8: 45910.692 | B8: P10 | C8: Male | D8: 30 | E8: Yes | F8: 4 | G8: 4 | H8: 3 | I8: 3 | J8: 3 | K8: 4 | L8: 4 | M8: 4 | N8: 4 | O8: 3 | P8: 4 | Q8: =Form_Responses[[#This Row],[SUM]]/10 -> 3.2 | R8: =SUM(Form_Responses[[#This Row],[1- I can always manage to solve difficult problems if I try hard enough.]:[10- I can usually handle whatever comes my way.]]) -> 32 | S8: 4 | T8: 5 | U8: 5 | V8: 5 | W8: 2 | X8: 1 | Y8: 4 | Z8: 1 | AA8: 1 | AB8: 2 | AC8: 5 | AD8: 5 | AE8: 5 | AF8: 5 | AG8: 5 | AH8: 1 | AI8: 1 | AJ8: 1 | AK8: 2 | AL8: 2 | AM8: =60+SUM(Form_Responses[[#This Row],[11- Robots are necessary because they can do jobs that are too hard or too dangerous for people ]:[15- Robots are a good thing for society, because they help people]])-SUM(Form_Responses[[#This Row],[16- Robots may make us even lazier ]:[20- Unregulated use of robotics can lead to societal upheavals]]) -> 63 | AN8: =SUM(Form_Responses[[#This Row],[1- I can trust persons and organizations related to development of robots ]:[5- If robots had emotions, I would be able to be friend with them]]) -> 25 | AO8: =SUM(Form_Responses[[#This Row],[6- I would feel uneasy if I was given a job where I had to use robots]:[10- I don’t want a robot to touch me]]) -> 5 | AP8: =SUM(Form_Responses[[#This Row],[11- Robots are necessary because they can do jobs that are too hard or too dangerous for people ]:[15- Robots are a good thing for society, because they help people]]) -> 24 | AQ8: =SUM(Form_Responses[[#This Row],[16- Robots may make us even lazier ]:[20- Unregulated use of robotics can lead to societal upheavals]]) -> 21 | AR8: Without pop-up questions | AS8: =TA_NQY!F8+TA_NQO!F8 -> 347 | AT8: =TA_NQY!F16+TA_NQO!F16 -> 269 | AU8: =TA_NQY!G16+TA_NQO!G16 -> 15 | AV8: 2 | AW8: 5 | AX8: 5 | AY8: 10 | AZ8: 6 | BA8: 1 | BB8: 10 | BC8: 10 | BD8: 10 | BE8: 7 | BF8: 10 | BG8: 3 | BH8: With pop-up questions | BI8: =TA_QY!F16+TA_QO!F16 -> 376 | BJ8: =TA_QY!G16+TA_QO!G16 -> 22 | BK8: 4 | BL8: 3 | BM8: 3 | BN8: 10 | BO8: 2 | BP8: 1 | BQ8: 10 | BR8: 10 | BS8: 7 | BT8: 10 | BU8: 10 | BV8: 3 | BW8: Reducing waiting time, Reducing total completion time, My own performance/abilities, Robot’s limitations for certain tasks | BX8: efficiency | BY8: very impressive | BZ8: in most of the pick and place tasks the robot is better than myself | CA8: yes, even though I prefer to hand more of the tasks to the robot | CB8: yes, certainly | CC8: it felt like a team working on the same task, because the robot waited for me to complete | CD8: speed, precision | CE8: yes. in the beginning I thought about allocating all of the tasks, in the end I figured out that we would be faster if the tasks are distributed more evenly | CF8: in the long run I would assign more tasks to the robot even though this would mean a slight decrease in productivity overall
A9: 45912.401 | B9: P20 | C9: Female | D9: 27 | E9: Yes | F9: 4 | G9: 3 | H9: 2 | I9: 1 | J9: 3 | K9: 4 | L9: 4 | M9: 2 | N9: 4 | O9: 4 | P9: 3 | Q9: =Form_Responses[[#This Row],[SUM]]/10 -> 3.9 | R9: =SUM(Form_Responses[[#This Row],[1- I can always manage to solve difficult problems if I try hard enough.]:[10- I can usually handle whatever comes my way.]]) -> 39 | S9: 2 | T9: 2 | U9: 2 | V9: 4 | W9: 5 | X9: 1 | Y9: 1 | Z9: 1 | AA9: 1 | AB9: 3 | AC9: 5 | AD9: 5 | AE9: 5 | AF9: 5 | AG9: 5 | AH9: 1 | AI9: 4 | AJ9: 2 | AK9: 4 | AL9: 5 | AM9: =60+SUM(Form_Responses[[#This Row],[11- Robots are necessary because they can do jobs that are too hard or too dangerous for people ]:[15- Robots are a good thing for society, because they help people]])-SUM(Form_Responses[[#This Row],[16- Robots may make us even lazier ]:[20- Unregulated use of robotics can lead to societal upheavals]]) -> 64 | AN9: =SUM(Form_Responses[[#This Row],[1- I can trust persons and organizations related to development of robots ]:[5- If robots had emotions, I would be able to be friend with them]]) -> 20 | AO9: =SUM(Form_Responses[[#This Row],[6- I would feel uneasy if I was given a job where I had to use robots]:[10- I don’t want a robot to touch me]]) -> 17 | AP9: =SUM(Form_Responses[[#This Row],[11- Robots are necessary because they can do jobs that are too hard or too dangerous for people ]:[15- Robots are a good thing for society, because they help people]]) -> 21 | AQ9: =SUM(Form_Responses[[#This Row],[16- Robots may make us even lazier ]:[20- Unregulated use of robotics can lead to societal upheavals]]) -> 17 | AR9: Without pop-up questions | AS9: =TA_NQY!F9+TA_NQO!F9 -> 341 | AT9: =TA_NQY!F18+TA_NQO!F18 -> 272 | AU9: =TA_NQY!G18+TA_NQO!G18 -> 15 | AV9: 1 | AW9: 1 | AX9: 3 | AY9: 10 | AZ9: 3 | BA9: 3 | BB9: 10 | BC9: 10 | BD9: 10 | BE9: 10 | BF9: 10 | BG9: 7 | BH9: With pop-up questions | BI9: =TA_QY!F18+TA_QO!F18 -> 413 | BJ9: =TA_QY!G18+TA_QO!G18 -> 18 | BK9: 4 | BL9: 2 | BM9: 5 | BN9: 8 | BO9: 7 | BP9: 4 | BQ9: 8 | BR9: 6 | BS9: 3 | BT9: 4 | BU9: 10 | BV9: 7 | BW9: Reducing waiting time, Reducing total completion time, Workspace layout (how space is divided between me and the robot), My own performance/abilities, Robot’s limitations for certain tasks | BX9: I tried to analyze previous experiments to understand robot's and mine bottlenecks and tried to reduce waiting time for both of us and ensure that me and robot finish simultaneously. | BY9: It was very capable. | BZ9: Yes, in quickly identifying the correct parts which should be placed next. | CA9: Yes. | CB9: Yes. | CC9: I felt as a team. | CD9: Speed of robot (sometimes it was slow in getting parts, and it was quicker to do it myself once a building was "started"). It was also nicer to let robot begin the tasks, because after the first part was placed i knew what to do. | CE9: Not really. | CF9: I think my last two strategies were pretty efficient, I would stay with them.
A10: 45912.494 | B10: P22 | C10: Female | D10: 26 | E10: Yes | F10: 4 | G10: 4 | H10: 3 | I10: 4 | J10: 4 | K10: 3 | L10: 4 | M10: 4 | N10: 4 | O10: 4 | P10: 4 | Q10: =Form_Responses[[#This Row],[SUM]]/10 -> 3 | R10: =SUM(Form_Responses[[#This Row],[1- I can always manage to solve difficult problems if I try hard enough.]:[10- I can usually handle whatever comes my way.]]) -> 30 | S10: 4 | T10: 3 | U10: 3 | V10: 3 | W10: 4 | X10: 1 | Y10: 3 | Z10: 1 | AA10: 1 | AB10: 2 | AC10: 4 | AD10: 3 | AE10: 3 | AF10: 4 | AG10: 3 | AH10: 4 | AI10: 2 | AJ10: 2 | AK10: 5 | AL10: 3 | AM10: =60+SUM(Form_Responses[[#This Row],[11- Robots are necessary because they can do jobs that are too hard or too dangerous for people ]:[15- Robots are a good thing for society, because they help people]])-SUM(Form_Responses[[#This Row],[16- Robots may make us even lazier ]:[20- Unregulated use of robotics can lead to societal upheavals]]) -> 62 | AN10: =SUM(Form_Responses[[#This Row],[1- I can trust persons and organizations related to development of robots ]:[5- If robots had emotions, I would be able to be friend with them]]) -> 8 | AO10: =SUM(Form_Responses[[#This Row],[6- I would feel uneasy if I was given a job where I had to use robots]:[10- I don’t want a robot to touch me]]) -> 7 | AP10: =SUM(Form_Responses[[#This Row],[11- Robots are necessary because they can do jobs that are too hard or too dangerous for people ]:[15- Robots are a good thing for society, because they help people]]) -> 23 | AQ10: =SUM(Form_Responses[[#This Row],[16- Robots may make us even lazier ]:[20- Unregulated use of robotics can lead to societal upheavals]]) -> 21 | AR10: Without pop-up questions | AS10: =TA_NQY!F10+TA_NQO!F10 -> 265 | AT10: =TA_NQY!G10+TA_NQO!G10 -> 14 | AU10: 2 | AV10: 2 | AW10: 2 | AX10: 9 | AY10: 3 | AZ10: 1 | BA10: 9 | BB10: 8 | BC10: 8 | BD10: 8 | BE10: 10 | BF10: 2 | BG10: With pop-up questions | BH10: =TA_NQY!E10+TA_NQO!E10 -> 571 | BI10: =TA_QY!E10+TA_QO!E10 -> 124 | BJ10: =TA_QY!F10+TA_QO!F10 -> 300 | BK10: =TA_QY!G10+TA_QO!G10 -> 14 | BL10: 3 | BM10: 3 | BN10: 5 | BO10: 9 | BP10: 6 | BQ10: 1 | BR10: 9 | BS10: 7 | BT10: 7 | BU10: 7 | BV10: 10 | BW10: 2 | BX10: My own performance/abilities, Robot’s limitations for certain tasks, My safety (avoiding collisions with the robot) | BY10: After experimenting with the robot, I found that for example It woulkd be more efficient for me if I do the Wheel task by myself. | BZ10: I thought it is quite interesting what he is capable of doing and it would make thing more efficient or easy if thez are implementet in some tasks or activities. | CA10: Not really, I mean I can also place the things in their forms. The Robot also took its time to place the figures and sometimes they are not quite fix placed. | CB10: Yes, it did. It felt alright, like a team work | CC10: Sure, I think so. | CD10: It felt like a teamworked, while I was busy doing some tasks, he managed to do the rest. | CE10: It was more the position of the Bilduing rather than the Robot capacities. The way he moved also influenced wether I should start with a task or another. | CF10: No, I think it is useful and could be really nice id in the future could do more things. | CG10: Mazbe the position of the Wheel and the Hospital. If you want the robot to do most of the things but zou also want to be readz with your tasks, then you will probablz start with these 2 task, but because they are to aproximated to each other, it is kind of difficult to work wihtout colliding with the robot.
A11: 45912.72 | B11: P26 | C11: Female | D11: 31 | E11: Yes | F11: 4 | G11: 3 | H11: 3 | I11: 3 | J11: 2 | K11: 2 | L11: 3 | M11: 2 | N11: 2 | O11: 2 | P11: 2 | Q11: =Form_Responses[[#This Row],[SUM]]/10 -> 3.4 | R11: =SUM(Form_Responses[[#This Row],[1- I can always manage to solve difficult problems if I try hard enough.]:[10- I can usually handle whatever comes my way.]]) -> 34 | S11: 4 | T11: 4 | U11: 4 | V11: 5 | W11: 5 | X11: 2 | Y11: 2 | Z11: 2 | AA11: 2 | AB11: 4 | AC11: 5 | AD11: 5 | AE11: 5 | AF11: 5 | AG11: 4 | AH11: 4 | AI11: 3 | AJ11: 3 | AK11: 5 | AL11: 3 | AM11: =60+SUM(Form_Responses[[#This Row],[11- Robots are necessary because they can do jobs that are too hard or too dangerous for people ]:[15- Robots are a good thing for society, because they help people]])-SUM(Form_Responses[[#This Row],[16- Robots may make us even lazier ]:[20- Unregulated use of robotics can lead to societal upheavals]]) -> 73 | AN11: =SUM(Form_Responses[[#This Row],[1- I can trust persons and organizations related to development of robots ]:[5- If robots had emotions, I would be able to be friend with them]]) -> 15 | AO11: =SUM(Form_Responses[[#This Row],[6- I would feel uneasy if I was given a job where I had to use robots]:[10- I don’t want a robot to touch me]]) -> 6 | AP11: =SUM(Form_Responses[[#This Row],[11- Robots are necessary because they can do jobs that are too hard or too dangerous for people ]:[15- Robots are a good thing for society, because they help people]]) -> 24 | AQ11: =SUM(Form_Responses[[#This Row],[16- Robots may make us even lazier ]:[20- Unregulated use of robotics can lead to societal upheavals]]) -> 11 | AR11: Without pop-up questions | AS11: =TA_NQY!F11+TA_NQO!F11 -> 311 | AT11: =TA_NQY!G11+TA_NQO!G11 -> 19 | AU11: 8 | AV11: 8 | AW11: 9 | AX11: 9 | AY11: 8 | AZ11: 1 | BA11: 9 | BB11: 10 | BC11: 10 | BD11: 10 | BE11: 9 | BF11: 3 | BG11: With pop-up questions | BH11: =TA_NQY!E11+TA_NQO!E11 -> 249 | BI11: =TA_QY!E11+TA_QO!E11 -> 139 | BJ11: =TA_QY!F11+TA_QO!F11 -> 374 | BK11: =TA_QY!G11+TA_QO!G11 -> 22 | BL11: 7 | BM11: 9 | BN11: 8 | BO11: 10 | BP11: 7 | BQ11: 2 | BR11: 9 | BS11: 10 | BT11: 9 | BU11: 9 | BV11: 9 | BW11: 4 | BX11: Random choice, Reducing waiting time, Robot’s limitations for certain tasks | BY11: In couple of tasks random, for the others considered waiting time for efficiency | BZ11: Good, just it could be better for putting parts in the places more precisely. | CA11: Yes, for some parts I was mixing the directions, e.g. hospital. The robots could put it faster than me. | CB11: Yes. | CC11: Exactly. I allocated some parts to me since I saw that it was more difficult to put it precisely. | CD11: I can consider. Just I should check afterwards what the robot completed whether it is correct. | CE11: The interlocking of two parts, e.g. dovetail | CF11: Yes, I was not sure how we could collaborate together while assembling two pieces together closely like in the hospital part. But surprisingly got used to work with it. | CG11: I wouldn't work with him on the same task; I would allocate him tasks that I wasn't involved in. This slowed me down more than it should have.
A12: 45915.492 | B12: P27 | C12: Female | D12: 25 | E12: Yes | F12: 4 | G12: 3 | H12: 3 | I12: 3 | J12: 4 | K12: 3 | L12: 4 | M12: 4 | N12: 4 | O12: 4 | P12: 3 | Q12: =Form_Responses[[#This Row],[SUM]]/10 -> 3.2 | R12: =SUM(Form_Responses[[#This Row],[1- I can always manage to solve difficult problems if I try hard enough.]:[10- I can usually handle whatever comes my way.]]) -> 32 | S12: 5 | T12: 4 | U12: 4 | V12: 1 | W12: 1 | X12: 1 | Y12: 2 | Z12: 1 | AA12: 1 | AB12: 1 | AC12: 3 | AD12: 4 | AE12: 5 | AF12: 4 | AG12: 5 | AH12: 3 | AI12: 2 | AJ12: 1 | AK12: 4 | AL12: 2 | AM12: =60+SUM(Form_Responses[[#This Row],[11- Robots are necessary because they can do jobs that are too hard or too dangerous for people ]:[15- Robots are a good thing for society, because they help people]])-SUM(Form_Responses[[#This Row],[16- Robots may make us even lazier ]:[20- Unregulated use of robotics can lead to societal upheavals]]) -> 73 | AN12: =SUM(Form_Responses[[#This Row],[1- I can trust persons and organizations related to development of robots ]:[5- If robots had emotions, I would be able to be friend with them]]) -> 21 | AO12: =SUM(Form_Responses[[#This Row],[6- I would feel uneasy if I was given a job where I had to use robots]:[10- I don’t want a robot to touch me]]) -> 8 | AP12: =SUM(Form_Responses[[#This Row],[11- Robots are necessary because they can do jobs that are too hard or too dangerous for people ]:[15- Robots are a good thing for society, because they help people]]) -> 24 | AQ12: =SUM(Form_Responses[[#This Row],[16- Robots may make us even lazier ]:[20- Unregulated use of robotics can lead to societal upheavals]]) -> 11 | AR12: Without pop-up questions | AS12: =TA_NQY!F12+TA_NQO!F12 -> 244 | AT12: =TA_NQY!F25+TA_NQO!F25 -> 295 | AU12: =TA_NQY!G25+TA_NQO!G25 -> 17 | AV12: 2 | AW12: 4 | AX12: 2 | AY12: 10 | AZ12: 3 | BA12: 1 | BB12: 9 | BC12: 10 | BD12: 8 | BE12: 8 | BF12: 9 | BG12: 6 | BH12: With pop-up questions | BI12: =TA_QY!F25+TA_QO!F25 -> 412 | BJ12: =TA_QY!G25+TA_QO!G25 -> 22 | BK12: 6 | BL12: 2 | BM12: 5 | BN12: 10 | BO12: 4 | BP12: 2 | BQ12: 10 | BR12: 10 | BS12: 9 | BT12: 9 | BU12: 10 | BV12: 2 | BW12: Reducing waiting time, Reducing total completion time, Workspace layout (how space is divided between me and the robot) | BX12: When I had the feeling that I could do it faster without stress due to other tasks that I have. So if I had enough time at that point I would rather assign some task to myself. | BY12: It did everything what it was programmed to do and that was very precise. | BZ12: Not really, but it had more time to do the tasks when I was answering questions. It was nice to split the workload. | CA12: Yes, because I splitted the workload for my preferences so it feels balanced and fairly splitted. | CB12: Yes, I would also let him put the screws if he could do it and would not need much longer than me. | CC12: It felt more like a team, as I gave it nearly all of the tasks it could do. | CD12: The speed. | CE12: No, it always did exactly what I told him to do. | CF12: I would look on the board and try to allocate the tasks in an order, so I will not have to pause my current task because the robot is getting in my way.
A13: 45915.572 | B13: P28 | C13: Male | D13: 24 | E13: Yes | F13: 3 | G13: 3 | H13: 3 | I13: 3 | J13: 3 | K13: 3 | L13: 4 | M13: 2 | N13: 4 | O13: 3 | P13: 3 | Q13: =Form_Responses[[#This Row],[SUM]]/10 -> 2.9 | R13: =SUM(Form_Responses[[#This Row],[1- I can always manage to solve difficult problems if I try hard enough.]:[10- I can usually handle whatever comes my way.]]) -> 29 | S13: 4 | T13: 4 | U13: 4 | V13: 3 | W13: 2 | X13: 1 | Y13: 1 | Z13: 1 | AA13: 1 | AB13: 1 | AC13: 5 | AD13: 5 | AE13: 5 | AF13: 4 | AG13: 4 | AH13: 2 | AI13: 2 | AJ13: 2 | AK13: 2 | AL13: 3 | AM13: =60+SUM(Form_Responses[[#This Row],[11- Robots are necessary because they can do jobs that are too hard or too dangerous for people ]:[15- Robots are a good thing for society, because they help people]])-SUM(Form_Responses[[#This Row],[16- Robots may make us even lazier ]:[20- Unregulated use of robotics can lead to societal upheavals]]) -> 70 | AN13: =SUM(Form_Responses[[#This Row],[1- I can trust persons and organizations related to development of robots ]:[5- If robots had emotions, I would be able to be friend with them]]) -> 22 | AO13: =SUM(Form_Responses[[#This Row],[6- I would feel uneasy if I was given a job where I had to use robots]:[10- I don’t want a robot to touch me]]) -> 8 | AP13: =SUM(Form_Responses[[#This Row],[11- Robots are necessary because they can do jobs that are too hard or too dangerous for people ]:[15- Robots are a good thing for society, because they help people]]) -> 24 | AQ13: =SUM(Form_Responses[[#This Row],[16- Robots may make us even lazier ]:[20- Unregulated use of robotics can lead to societal upheavals]]) -> 14 | AR13: Without pop-up questions | AS13: =TA_NQY!F13+TA_NQO!F13 -> 305 | AT13: =TA_NQY!F26+TA_NQO!F26 -> 220 | AU13: =TA_NQY!G26+TA_NQO!G26 -> 12 | AV13: 3 | AW13: 4 | AX13: 3 | AY13: 10 | AZ13: 3 | BA13: 2 | BB13: 6 | BC13: 7 | BD13: 8 | BE13: 7 | BF13: 9 | BG13: 3 | BH13: With pop-up questions | BI13: =TA_QY!F26+TA_QO!F26 -> 326 | BJ13: =TA_QY!G26+TA_QO!G26 -> 18 | BK13: 6 | BL13: 4 | BM13: 7 | BN13: 9 | BO13: 6 | BP13: 1 | BQ13: 8 | BR13: 8 | BS13: 7 | BT13: 7 | BU13: 9 | BV13: 6 | BW13: Reducing waiting time, Reducing total completion time, Working at a comfortable pace, Robot’s limitations for certain tasks | BX13: increasing collaboration by distributing the tasks between me and the robot, taking the time it takes it or me to complete the task as an indicator | BY13: good for the task | BZ13: not realy, but it was more consistent and did not need to learn the process | CA13: yes | CB13: yes, e.g. the screwing | CC13: when allocating the tasks I felt like the leader, but when working I felt like a team with the robot | CD13: the speed of the robot | CE13: slightly to the positive, precision was good. | CF13: some minor changes for better distribution between me and the robot
A14: 45916.481 | B14: P29 | C14: Male | D14: 29 | E14: Yes | F14: 4 | G14: 4 | H14: 4 | I14: 3 | J14: 3 | K14: 3 | L14: 4 | M14: 4 | N14: 4 | O14: 4 | P14: 4 | Q14: =Form_Responses[[#This Row],[SUM]]/10 -> 3 | R14: =SUM(Form_Responses[[#This Row],[1- I can always manage to solve difficult problems if I try hard enough.]:[10- I can usually handle whatever comes my way.]]) -> 30 | S14: 2 | T14: 2 | U14: 3 | V14: 2 | W14: 2 | X14: 3 | Y14: 3 | Z14: 1 | AA14: 1 | AB14: 2 | AC14: 5 | AD14: 5 | AE14: 4 | AF14: 5 | AG14: 2 | AH14: 5 | AI14: 5 | AJ14: 5 | AK14: 5 | AL14: 5 | AM14: =60+SUM(Form_Responses[[#This Row],[11- Robots are necessary because they can do jobs that are too hard or too dangerous for people ]:[15- Robots are a good thing for society, because they help people]])-SUM(Form_Responses[[#This Row],[16- Robots may make us even lazier ]:[20- Unregulated use of robotics can lead to societal upheavals]]) -> 69 | AN14: =SUM(Form_Responses[[#This Row],[1- I can trust persons and organizations related to development of robots ]:[5- If robots had emotions, I would be able to be friend with them]]) -> 19 | AO14: =SUM(Form_Responses[[#This Row],[6- I would feel uneasy if I was given a job where I had to use robots]:[10- I don’t want a robot to touch me]]) -> 7 | AP14: =SUM(Form_Responses[[#This Row],[11- Robots are necessary because they can do jobs that are too hard or too dangerous for people ]:[15- Robots are a good thing for society, because they help people]]) -> 24 | AQ14: =SUM(Form_Responses[[#This Row],[16- Robots may make us even lazier ]:[20- Unregulated use of robotics can lead to societal upheavals]]) -> 15 | AR14: Without pop-up questions | AS14: =TA_NQY!F14+TA_NQO!F14 -> 343 | AT14: =TA_NQY!G14+TA_NQO!G14 -> 20 | AU14: 2 | AV14: 2 | AW14: 3 | AX14: 10 | AY14: 3 | AZ14: 1 | BA14: 10 | BB14: 10 | BC14: 10 | BD14: 10 | BE14: 10 | BF14: 4 | BG14: With pop-up questions | BH14: =TA_NQY!E14+TA_NQO!E14 -> 725 | BI14: =TA_QY!E14+TA_QO!E14 -> 263 | BJ14: =TA_QY!F14+TA_QO!F14 -> 387 | BK14: =TA_QY!G14+TA_QO!G14 -> 20 | BL14: 4 | BM14: 2 | BN14: 5 | BO14: 10 | BP14: 5 | BQ14: 1 | BR14: 10 | BS14: 10 | BT14: 10 | BU14: 10 | BV14: 10 | BW14: 4 | BX14: Reducing waiting time, Reducing total completion time, My own performance/abilities, Robot’s limitations for certain tasks | BY14: If I can finish the task before in time so he can start with the following aready, or calculating in some buffer time to answer some questions. | BZ14: He can offload task but cant do them better | CA14: No, he was there to paralellisiese the task while I had to answer questions or so | CB14: For me yes, but it was not equal for both | CC14: No he is not more capable | CD14: I was the lead | CE14: Speed | CF14: No | CG14: No everything worked out perfectly
A15: 45916.566 | B15: P30 | C15: Female | D15: 25 | E15: Yes | F15: 2 | G15: 3 | H15: 2 | I15: 3 | J15: 3 | K15: 4 | L15: 4 | M15: 2 | N15: 3 | O15: 3 | P15: 3 | Q15: =Form_Responses[[#This Row],[SUM]]/10 -> 2.8 | R15: =SUM(Form_Responses[[#This Row],[1- I can always manage to solve difficult problems if I try hard enough.]:[10- I can usually handle whatever comes my way.]]) -> 28 | S15: 4 | T15: 3 | U15: 2 | V15: 2 | W15: 1 | X15: 1 | Y15: 4 | Z15: 2 | AA15: 1 | AB15: 4 | AC15: 5 | AD15: 5 | AE15: 5 | AF15: 5 | AG15: 3 | AH15: 5 | AI15: 4 | AJ15: 5 | AK15: 5 | AL15: 4 | AM15: =60+SUM(Form_Responses[[#This Row],[11- Robots are necessary because they can do jobs that are too hard or too dangerous for people ]:[15- Robots are a good thing for society, because they help people]])-SUM(Form_Responses[[#This Row],[16- Robots may make us even lazier ]:[20- Unregulated use of robotics can lead to societal upheavals]]) -> 65 | AN15: =SUM(Form_Responses[[#This Row],[1- I can trust persons and organizations related to development of robots ]:[5- If robots had emotions, I would be able to be friend with them]]) -> 21 | AO15: =SUM(Form_Responses[[#This Row],[6- I would feel uneasy if I was given a job where I had to use robots]:[10- I don’t want a robot to touch me]]) -> 8 | AP15: =SUM(Form_Responses[[#This Row],[11- Robots are necessary because they can do jobs that are too hard or too dangerous for people ]:[15- Robots are a good thing for society, because they help people]]) -> 22 | AQ15: =SUM(Form_Responses[[#This Row],[16- Robots may make us even lazier ]:[20- Unregulated use of robotics can lead to societal upheavals]]) -> 17 | AR15: Without pop-up questions | AS15: =TA_NQY!F15+TA_NQO!F15 -> 250 | AT15: =TA_NQY!F28+TA_NQO!F28 -> 336 | AU15: =TA_NQY!G28+TA_NQO!G28 -> 16 | AV15: 4 | AW15: 3 | AX15: 6 | AY15: 10 | AZ15: 6 | BA15: 2 | BB15: 9 | BC15: 7 | BD15: 8 | BE15: 8 | BF15: 10 | BG15: 5 | BH15: With pop-up questions | BI15: =TA_QY!F28+TA_QO!F28 -> 420 | BJ15: =TA_QY!G28+TA_QO!G28 -> 20 | BK15: 7 | BL15: 3 | BM15: 5 | BN15: 10 | BO15: 6 | BP15: 7 | BQ15: 8 | BR15: 9 | BS15: 9 | BT15: 9 | BU15: 9 | BV15: 3 | BW15: Reducing waiting time, Reducing total completion time, Working at a comfortable pace | BX15: I would rather have the robot complete the whole building by itself than sharing the building with the robot | BY15: I was precise, one time it didnät fit the block exactly in the correct spot but overall it was capable of completing all tasks | BZ15: at the beginning, I was a bit confused which side should some buildings face and the robot was quicker to put the blocks down correctly | CA15: yes, depending on the task allocation | CB15: yes, I would let the robot do everything | CC15: we were a team | CD15: the lenght of the performed task, if we had to collaborate on a building, I would put this task as one of the first so then when I have to spend time screwing the screws, the robot could build the blocks themselves | CE15: no | CF15: I would try to allocate them in a way that the robot is not in my way when Im screwing the screws
A16: 45917.608 | B16: P34 | C16: Male | D16: 23 | E16: No | F16: 4 | G16: 3 | H16: 3 | I16: 3 | J16: 3 | K16: 3 | L16: 3 | M16: 4 | N16: 2 | O16: 3 | P16: 3 | Q16: =Form_Responses[[#This Row],[SUM]]/10 -> 3.6 | R16: =SUM(Form_Responses[[#This Row],[1- I can always manage to solve difficult problems if I try hard enough.]:[10- I can usually handle whatever comes my way.]]) -> 36 | S16: 4 | T16: 3 | U16: 4 | V16: 3 | W16: 4 | X16: 2 | Y16: 2 | Z16: 1 | AA16: 1 | AB16: 3 | AC16: 4 | AD16: 5 | AE16: 5 | AF16: 4 | AG16: 4 | AH16: 2 | AI16: 3 | AJ16: 2 | AK16: 4 | AL16: 3 | AM16: =60+SUM(Form_Responses[[#This Row],[11- Robots are necessary because they can do jobs that are too hard or too dangerous for people ]:[15- Robots are a good thing for society, because they help people]])-SUM(Form_Responses[[#This Row],[16- Robots may make us even lazier ]:[20- Unregulated use of robotics can lead to societal upheavals]]) -> 78 | AN16: =SUM(Form_Responses[[#This Row],[1- I can trust persons and organizations related to development of robots ]:[5- If robots had emotions, I would be able to be friend with them]]) -> 21 | AO16: =SUM(Form_Responses[[#This Row],[6- I would feel uneasy if I was given a job where I had to use robots]:[10- I don’t want a robot to touch me]]) -> 9 | AP16: =SUM(Form_Responses[[#This Row],[11- Robots are necessary because they can do jobs that are too hard or too dangerous for people ]:[15- Robots are a good thing for society, because they help people]]) -> 25 | AQ16: =SUM(Form_Responses[[#This Row],[16- Robots may make us even lazier ]:[20- Unregulated use of robotics can lead to societal upheavals]]) -> 7 | AR16: Without pop-up questions | AS16: =TA_NQY!F16+TA_NQO!F16 -> 269 | AT16: =TA_NQY!F32+TA_NQO!F32 -> 236 | AU16: =TA_NQY!G32+TA_NQO!G32 -> 13 | AV16: 2 | AW16: 3 | AX16: 5 | AY16: 8 | AZ16: 5 | BA16: 2 | BB16: 7 | BC16: 8 | BD16: 6 | BE16: 5 | BF16: 9 | BG16: 7 | BH16: With pop-up questions | BI16: =TA_QY!F32+TA_QO!F32 -> 373 | BJ16: =TA_QY!G32+TA_QO!G32 -> 17 | BK16: 7 | BL16: 3 | BM16: 7 | BN16: 8 | BO16: 3 | BP16: 2 | BQ16: 8 | BR16: 9 | BS16: 7 | BT16: 6 | BU16: 9 | BV16: 7 | BW16: Reducing waiting time, Reducing total completion time, Workspace layout (how space is divided between me and the robot), Working at a comfortable pace, Robot’s limitations for certain tasks | BX16: I tried to reduce the working time and that the robot and i had the same work load. | BY16: Faster in placing the pieces correctly than i thougt. | BZ16: The robot doesn´t make mistakes caused by stress and works very constantly. | CA16: Yes. | CB16: Yes, i would. | CC16: I think we worked as a team and the robot is a very good support. | CD16: The robot should do the things he is capable of, the routine work, and i did the things, he couldn´t. | CE16: Yes, first i was a little bit sceptic, but the robot is work and "emotional" support, makes you feel more productive. | CF16: I would try to balance the workload more for more effiency, to save time. But if i would work with the robot for 8 hours, i would give the robot more tasks, so i won`t get exhausted.
A17: 45918.561 | B17: P36 | C17: Female | D17: 28 | E17: Yes | F17: 3 | G17: 4 | H17: 2 | I17: 3 | J17: 4 | K17: 3 | L17: 3 | M17: 3 | N17: 4 | O17: 3 | P17: 3 | Q17: =Form_Responses[[#This Row],[SUM]]/10 -> 3.3 | R17: =SUM(Form_Responses[[#This Row],[1- I can always manage to solve difficult problems if I try hard enough.]:[10- I can usually handle whatever comes my way.]]) -> 33 | S17: 4 | T17: 3 | U17: 4 | V17: 3 | W17: 2 | X17: 1 | Y17: 1 | Z17: 1 | AA17: 2 | AB17: 4 | AC17: 3 | AD17: 4 | AE17: 4 | AF17: 3 | AG17: 4 | AH17: 2 | AI17: 1 | AJ17: 1 | AK17: 2 | AL17: 2 | AM17: =60+SUM(Form_Responses[[#This Row],[11- Robots are necessary because they can do jobs that are too hard or too dangerous for people ]:[15- Robots are a good thing for society, because they help people]])-SUM(Form_Responses[[#This Row],[16- Robots may make us even lazier ]:[20- Unregulated use of robotics can lead to societal upheavals]]) -> 57 | AN17: =SUM(Form_Responses[[#This Row],[1- I can trust persons and organizations related to development of robots ]:[5- If robots had emotions, I would be able to be friend with them]]) -> 18 | AO17: =SUM(Form_Responses[[#This Row],[6- I would feel uneasy if I was given a job where I had to use robots]:[10- I don’t want a robot to touch me]]) -> 12 | AP17: =SUM(Form_Responses[[#This Row],[11- Robots are necessary because they can do jobs that are too hard or too dangerous for people ]:[15- Robots are a good thing for society, because they help people]]) -> 18 | AQ17: =SUM(Form_Responses[[#This Row],[16- Robots may make us even lazier ]:[20- Unregulated use of robotics can lead to societal upheavals]]) -> 21 | AR17: Without pop-up questions | AS17: =TA_NQY!F17+TA_NQO!F17 -> 287 | AT17: =TA_NQY!F34+TA_NQO!F34 -> 345 | AU17: =TA_NQY!G34+TA_NQO!G34 -> 20 | AV17: 1 | AW17: 5 | AX17: 2 | AY17: 7 | AZ17: 3 | BA17: 2 | BB17: 7 | BC17: 7 | BD17: 8 | BE17: 7 | BF17: 10 | BG17: 8 | BH17: With pop-up questions | BI17: =TA_QY!F34+TA_QO!F34 -> 386 | BJ17: =TA_QY!G34+TA_QO!G34 -> 22 | BK17: 6 | BL17: 6 | BM17: 7 | BN17: 5 | BO17: 4 | BP17: 1 | BQ17: 6 | BR17: 6 | BS17: 7 | BT17: 7 | BU17: 9 | BV17: 9 | BW17: Reducing waiting time, Reducing total completion time, Workspace layout (how space is divided between me and the robot) | BX17: I wanted to safe time while using the robot | BY17: Good for parallel task while I do something else like screwing | BZ17: No. In general I would say he is slower in doing the tasks, therefore I decided at the last round to do a view of the tasks by my one. But it is good to use him for tasks while i do something else (see answer 3) | CA17: Yes | CB17: Yeah, if it could save some time for me or if it releaves some stress I would allocate more tasks to him, depending on the use case. | CC17: I think we were a equal team | CD17: My allocation decision was not influenced by the qualities of the robot I would say, but rahter on the duration and steps within the task | CE17: No | CF17: Yeah, I would realocate the order of the tasks to finish even faster

Sheet pattern_main
B1: Demographics | G1: Nasa TLX | L1: Nasa TlX | Z1: Post experiment
A2: Timestamp | B2: Participant ID: | C2: Self_Sum | D2: Robot_sum | E2: Assembly time | F2: Assembly time with question | G2: Robot N_task | H2: Robot N_task With question | I2: Mental | J2: Mental_q | K2: Physical | L2: Physical_q | M2: Temporal | N2: Temporal2 | O2: successful | P2: successful 2 | Q2: Effort | R2: Effort2 | S2: Frustration | T2: Frustration 2 | U2: Satisfaction | V2: Satisfaction2 | W2: Fairness | X2: Fairness2 | Y2: Efficency | Z2: Efficency2 | AA2: TA_satis | AB2: TA_satis2 | AC2: Willingness | AD2: Willingness2 | AE2: TA_diffi | AF2: TA_diffi2 | AG2: 1- What factors influenced how you assigned tasks between yourself and the robot? (Select all that apply) | AH2: 2- How did you decide whether to assign a task to yourself or the robot? | AI2: 3- What were your thoughts about the robot’s capabilities? | AJ2: 4- Did you feel the robot was better at any tasks than you? | AK2: 5- Did the collaboration feel balanced? | AL2: 6- Do you think if the robot was more capable you would allocate more tasks to it? | AM2: 7- Did you consider yourself and the robot as a team? Or did you feel you are the lead of it? | AN2: 8- What qualities of the robot influenced your allocation decisions? | AO2: 9- Did your opinion of the robot change during the task? | AP2: 10- If you could reallocate the tasks after this experience, what would you change and why?
A3: in the second experiment, without Q got chilled | B3: P12 | C3: 39 | D3: 64 | E3: =TA_NQY!F9+TA_NQO!F9 -> 341 | F3: 301 | G3: =TA_NQY!G9+TA_NQO!G9 -> 20 | H3: 19 | I3: 1 | J3: 6 | K3: 2 | L3: 3 | M3: 3 | N3: 7 | O3: 10 | P3: 9 | Q3: 2 | R3: 8 | S3: 1 | T3: 6 | U3: 10 | V3: 9 | W3: 10 | X3: 9 | Y3: 10 | Z3: 8 | AA3: 10 | AB3: 9 | AC3: 10 | AD3: 10 | AE3: 2 | AF3: 3 | AG3: Reducing waiting time, Workspace layout (how space is divided between me and the robot), Working at a comfortable pace, Robot’s limitations for certain tasks, Let the robot do the work | AH3: Limitations of the robot | AI3: Quite nice, but hopefully can be do more soon | AJ3: No, it was able to do the simple tasks | AK3: Yes, seemed good. I let the robot do the collaboration tasks first and then the robot only tasks. | AL3: Yes, could use time for something else | AM3: No, he is my work assistant | AN3: safe time for me | AO3: First, I thought optimizing the overal performance, then reducing my workload | AP3: I would not reallocate the tasks, but focus on iterative steps on improving the collaboration. I need to understand the capabilities of the robot first, before assigning tasks to it.
A4: Performed pretty good in both, check the TA for task steps | B4: P13 | C4: 30 | D4: 62 | E4: =TA_NQY!F10+TA_NQO!F10 -> 265 | F4: 300 | G4: =TA_NQY!G10+TA_NQO!G10 -> 14 | H4: 14 | I4: 3 | J4: 9 | K4: 6 | L4: 7 | M4: 8 | N4: 9 | O4: 4 | P4: 10 | Q4: 4 | R4: 7 | S4: 7 | T4: 5 | U4: 8 | V4: 10 | W4: 8 | X4: 10 | Y4: 6 | Z4: 10 | AA4: 3 | AB4: 10 | AC4: 10 | AD4: 10 | AE4: 4 | AF4: 5 | AG4: Reducing waiting time, Reducing total completion time | AH4: Previous tasks where the human had to do the job, where assiged to the robot, in order to work in parallel. | AI4: They were sufficient and helpful to work in parallel | AJ4: Not after doing it several times. But untrained for sure at all tasks. | AK4: Yes | AL4: Yes | AM4: It was like working with a partner. | AN4: The certainty of completing the task. Setting the first step so I can build on it and at the same time the robot can do further tasks, where I again can contribute. | AO4: No. I pro robot | AP4: The last run was perfect for me. The robot first needs to place the buildings where i can work on it. So i never have to wait for the robot.
A5: normal | B5: P14 | C5: 34 | D5: 73 | E5: =TA_NQY!F11+TA_NQO!F11 -> 311 | F5: 374 | G5: =TA_NQY!G11+TA_NQO!G11 -> 19 | H5: 22 | I5: 2 | J5: 5 | K5: 2 | L5: 3 | M5: 2 | N5: 4 | O5: 8 | P5: 7 | Q5: 3 | R5: 4 | S5: 1 | T5: 1 | U5: 9 | V5: 9 | W5: 6 | X5: 8 | Y5: 4 | Z5: 8 | AA5: 7 | AB5: 8 | AC5: 10 | AD5: 8 | AE5: 4 | AF5: 3 | AG5: Reducing waiting time, Reducing total completion time, Robot’s limitations for certain tasks | AH5: Based on how fast I vs. the robot would be able to do it. | AI5: Very impresive, although the robot having to go back to its original starting location between tasks might be unefficient in more time sensitive tasks. | AJ5: More presiye and less prone to mistakes. While i might knock a building block with my arm while building, the robot does not. | AK5: Yes | AL5: No, I felt the robot was capable enough. | AM5: Yes, I felt we were a team. | AN5: The speed with which the robot would complete a task and whether or not if the robot was capable of it. | AO5: No. | AP5: I might try to divide the tasks between the robot and myself more to reduce my waiting time while the robot works.
A6: lack of skill with questions, in physical mode, performed good | B6: P15 | C6: 32 | D6: 73 | E6: =TA_NQY!F12+TA_NQO!F12 -> 244 | F6: 668 | G6: =TA_NQY!G12+TA_NQO!G12 -> 10 | H6: 17 | I6: 3 | J6: 7 | K6: 6 | L6: 4 | M6: 6 | N6: 5 | O6: 10 | P6: 6 | Q6: 6 | R6: 6 | S6: 3 | T6: 5 | U6: 9 | V6: 7 | W6: 10 | X6: 10 | Y6: 8 | Z6: 7 | AA6: 8 | AB6: 6 | AC6: 10 | AD6: 10 | AE6: 6 | AF6: 7 | AG6: Reducing total completion time | AH6: which is going to be faster | AI6: robot perform really good | AJ6: individually no, maybe robot is better at math | AK6: yes | AL6: yes | AM6: im in the lead, i would consider the robot a tool not a team mate | AN6: what can the robot do whitout stopping. | AO6: no | AP6: would be interesting to see if the robot can solve the math problems and if i can also allocate the math problems to the robot, what I would choose
A7: Average, Check if he kept same TA in both | B7: P17 | C7: 30 | D7: 69 | E7: =TA_NQY!F14+TA_NQO!F14 -> 343 | F7: 387 | G7: =TA_NQY!G14+TA_NQO!G14 -> 20 | H7: 20 | I7: 2 | J7: 5 | K7: 3 | L7: 3 | M7: 3 | N7: 5 | O7: 9 | P7: 10 | Q7: 3 | R7: 6 | S7: 1 | T7: 1 | U7: 10 | V7: 10 | W7: 10 | X7: 10 | Y7: 10 | Z7: 9 | AA7: 10 | AB7: 10 | AC7: 10 | AD7: 10 | AE7: 4 | AF7: 7 | AG7: Reducing waiting time, Reducing total completion time, Workspace layout (how space is divided between me and the robot), Robot’s limitations for certain tasks | AH7: I tried to maximiye parallel tasks. | AI7: It would be great if it could do the screw task. | AJ7: no | AK7: zes | AL7: if it was faster yes. | AM7: I was the lead. | AN7: Speed and movement direction. | AO7: yes when I found out how high it brings the objects. I tried to avoid being on its way by changing task order. | AP7: I would give the last parts of hostpital to myself because the robot did not align them well.
A8: normal | B8: P18 | C8: 28 | D8: 65 | E8: =TA_NQY!F15+TA_NQO!F15 -> 250 | F8: 356 | G8: =TA_NQY!G15+TA_NQO!G15 -> 13 | H8: 19 | I8: 5 | J8: 8 | K8: 5 | L8: 4 | M8: 6 | N8: 8 | O8: 9 | P8: 9 | Q8: 5 | R8: 7 | S8: 2 | T8: 2 | U8: 9 | V8: 9 | W8: 8 | X8: 7 | Y8: 7 | Z8: 8 | AA8: 9 | AB8: 8 | AC8: 9 | AD8: 9 | AE8: 8 | AF8: 8 | AG8: Reducing waiting time, Reducing total completion time, Workspace layout (how space is divided between me and the robot) | AH8: My goal was to reduce the time for the task. Therefore, I tried to assign task to the robot where I need to do the tasks which the robot cannot perform. Then I had a look at the layout where I need to perform the task to enable work in parallel. And if possible I assigned to to me because I am faster. | AI8: I did not really consider this because it was already predefined which task the robot can do which tasks the robot cannot do but for example the assempz of the dovetail i take over because at the first place it was not fully assembled. All the other task are very good performed by the robot. | AJ8: I would say not but it was good to have his support at the task to work in parallel. | AK8: Not always because for example at both round the robot finished already earlier than be which could be more optimized but generally it was a good balance | AL8: If the movments are faster then probably yes because this is currently from my perspective which makes him slow. | AM8: I would consider us as a team because we worked together on the project and were successfully. | AN8: I did not really consider the qualitites of the robot because in the first place I saw the robot is able to do the task good and this supported that I can assign him the available task and do not consider other qualities of the robots. | AO8: No, I always saw it the way that the robot and I am a team and we are working together on the project to finish it fast.. | AP8: I would better manage it that I and the robot finish at the same time because when the robot is doing nothing at the and it does not really reduce the cycle time. And also consider more the layout because at a run I looked at the wrong workplace because the arranged differently where the robot is comming and then I could not work that in parallel as I wished.
A9: very normal | B9: P10 | C9: 36 | D9: 78 | E9: =TA_NQY!F16+TA_NQO!F16 -> 269 | F9: 376 | G9: =TA_NQY!G16+TA_NQO!G16 -> 15 | H9: 22 | I9: 2 | J9: 4 | K9: 5 | L9: 3 | M9: 5 | N9: 3 | O9: 10 | P9: 10 | Q9: 6 | R9: 2 | S9: 1 | T9: 1 | U9: 10 | V9: 10 | W9: 10 | X9: 10 | Y9: 10 | Z9: 7 | AA9: 7 | AB9: 10 | AC9: 10 | AD9: 10 | AE9: 3 | AF9: 3 | AG9: Reducing waiting time, Reducing total completion time, My own performance/abilities, Robot’s limitations for certain tasks | AH9: efficiency | AI9: very impressive | AJ9: in most of the pick and place tasks the robot is better than myself | AK9: yes, even though I prefer to hand more of the tasks to the robot | AL9: yes, certainly | AM9: it felt like a team working on the same task, because the robot waited for me to complete | AN9: speed, precision | AO9: yes. in the beginning I thought about allocating all of the tasks, in the end I figured out that we would be faster if the tasks are distributed more evenly | AP9: in the long run I would assign more tasks to the robot even though this would mean a slight decrease in productivity overall
A10: with question mode, gave less tasks to the robot | B10: P19 | C10: 33 | D10: 57 | E10: =TA_NQY!F17+TA_NQO!F17 -> 287 | F10: 359 | G10: =TA_NQY!G17+TA_NQO!G17 -> 17 | H10: 16 | I10: 4 | J10: 8 | K10: 6 | L10: 5 | M10: 6 | N10: 7 | O10: 9 | P10: 9 | Q10: 5 | R10: 7 | S10: 1 | T10: 2 | U10: 8 | V10: 9 | W10: 9 | X10: 6 | Y10: 8 | Z10: 9 | AA10: 8 | AB10: 9 | AC10: 8 | AD10: 8 | AE10: 6 | AF10: 7 | AG10: Reducing waiting time, Reducing total completion time, Workspace layout (how space is divided between me and the robot), My own performance/abilities | AH10: With the reasons mentioned above and the mock tries before the main experiment. | AI10: I believe there is room for improvments as in doing more difficults tasks and make the task devition more fair. | AJ10: No, everything could actually be done easily as a human, but in the matter of collaboration, it did help with the time efficiency. | AK10: the last time yes, but as in fairness of task allocation, I belive it could learn more things to do. | AL10: Yes definatly. | AM10: The last round yes I would say. but overall I felt like allocation of the tasks, answering the pop up questions, and also working on the main tasks puts you kinda in a leading position, and also being aware of the position and the doings of the robat. | AN10: Speed, Movement and positioning | AO10: Yes, the last round I was happy that i caculated its speed and movement, therefore I felt we were working more as one, rather than just waiting for each other. | AP10: Nothing really, I feel like I found the best task allocation combination for both of us.
A11: with question mode, gave less tasks to the robot | B11: P21 | C11: 29 | D11: 66 | E11: =TA_NQY!F19+TA_NQO!F19 -> 401 | F11: 472 | G11: =TA_NQY!G19+TA_NQO!G19 -> 22 | H11: 19 | I11: 2 | J11: 6 | K11: 2 | L11: 4 | M11: 2 | N11: 7 | O11: 9 | P11: 7 | Q11: 4 | R11: 7 | S11: 1 | T11: 3 | U11: 8 | V11: 7 | W11: 3 | X11: 2 | Y11: 8 | Z11: 6 | AA11: 8 | AB11: 6 | AC11: 8 | AD11: 9 | AE11: 2 | AF11: 2 | AG11: Reducing waiting time, Reducing total completion time | AH11: I tried to assign as many tasks to the robot as possible | AI11: It is performing most of its assigned tasks well. | AJ11: No | AK11: Yes | AL11: Yes, many times the robot finished its assigned before I could finish mine | AM11: The robot behaves dominant during the task, as it does not wait for the human to finish his or her task to avoid collisions. | AN11: The amount of tasks it is capable to perform. | AO11: No | AP11: Yes, I would change the order. So that the human has to wait only as little as possible to start with the tasks assigned.
A12: safety and ability as reason | B12: P22 | C12: 38 | D12: 61 | E12: =TA_NQY!F20+TA_NQO!F20 -> 346 | F12: 396 | G12: =TA_NQY!G20+TA_NQO!G20 -> 20 | H12: 22 | I12: 2 | J12: 3 | K12: 2 | L12: 3 | M12: 2 | N12: 5 | O12: 9 | P12: 9 | Q12: 3 | R12: 6 | S12: 1 | T12: 1 | U12: 9 | V12: 9 | W12: 8 | X12: 7 | Y12: 8 | Z12: 7 | AA12: 8 | AB12: 7 | AC12: 10 | AD12: 10 | AE12: 2 | AF12: 2 | AG12: My own performance/abilities, Robot’s limitations for certain tasks, My safety (avoiding collisions with the robot) | AH12: After experimenting with the robot, I found that for example It woulkd be more efficient for me if I do the Wheel task by myself. | AI12: I thought it is quite interesting what he is capable of doing and it would make thing more efficient or easy if thez are implementet in some tasks or activities. | AJ12: Not really, I mean I can also place the things in their forms. The Robot also took its time to place the figures and sometimes they are not quite fix placed. | AK12: Yes, it did. It felt alright, like a team work | AL12: Sure, I think so. | AM12: It felt like a teamworked, while I was busy doing some tasks, he managed to do the rest. | AN12: It was more the position of the Bilduing rather than the Robot capacities. The way he moved also influenced wether I should start with a task or another. | AO12: No, I think it is useful and could be really nice id in the future could do more things. | AP12: Mazbe the position of the Wheel and the Hospital. If you want the robot to do most of the things but zou also want to be readz with your tasks, then you will probablz start with these 2 task, but because they are to aproximated to each other, it is kind of difficult to work wihtout colliding with the robot.
A13: gave all task to robot | B13: P23 | C13: 34 | D13: 65 | E13: =TA_NQY!F21+TA_NQO!F21 -> 409 | F13: 402 | G13: =TA_NQY!G21+TA_NQO!G21 -> 22 | H13: 22 | I13: 8 | J13: 4 | K13: 3 | L13: 3 | M13: 8 | N13: 4 | O13: 10 | P13: 10 | Q13: 3 | R13: 10 | S13: 8 | T13: 3 | U13: 10 | V13: 10 | W13: 10 | X13: 10 | Y13: 10 | Z13: 9 | AA13: 10 | AB13: 10 | AC13: 9 | AD13: 10 | AE13: 1 | AF13: 1 | AG13: Reducing waiting time, Reducing total completion time, Workspace layout (how space is divided between me and the robot), Working at a comfortable pace, Robot’s limitations for certain tasks, My safety (avoiding collisions with the robot) | AH13: If robot can do the tasks, than assign to robot. | AI13: Supporting task, ex. Holding a block during screwing or putting the blocks on the right place. avoiding colisions with my arms. | AJ13: yes, at the beginnig of the expereiment. Because I needed to unterstand the building process and it tooks some time at first. | AK13: yes. There was clear definition of which tasks can be done with robots and human. | AL13: yes, certainly, ex. Screwing or Cliking (?) of the Snap. | AM13: I felt I was the lead because I had to controlled and mangend the path of my amrs to avoid a collisions or checked in which stage the robot is working. | AN13: Capability of the Robot - Can robot do this? | AO13: yes, more positive | AP13: I would rellocate the tasks in the order of the position of the blocks > Robot puts the blocks from front to back so I can screw the Wheel and the hospital without collisions with the robot.
A14: gave all task to robot and knows it | B14: P24 | C14: 34 | D14: 62 | E14: =TA_NQY!F22+TA_NQO!F22 -> 370 | F14: 561 | G14: =TA_NQY!G22+TA_NQO!G22 -> 22 | H14: 22 | I14: 1 | J14: 3 | K14: 4 | L14: 3 | M14: 3 | N14: 4 | O14: 3 | P14: 8 | Q14: 1 | R14: 5 | S14: 1 | T14: 7 | U14: 3 | V14: 6 | W14: 2 | X14: 7 | Y14: 4 | Z14: 5 | AA14: 4 | AB14: 3 | AC14: 1 | AD14: 1 | AE14: 1 | AF14: 1 | AG14: more tasks for robot and less for me | AH14: assign to robot as much as possible | AI14: safe enough but very slow | AJ14: nope | AK14: no | AL14: no | AM14: team working: yes, lead robot: so so | AN14: no specific quality, I prefer to perfom less tasks | AO14: yes, it executed tasks slowly | AP14: maybe less tasks to robot
A15: with question mode, gave less tasks to the robot but perfomed better | B15: P25 | C15: 32 | D15: 72 | E15: =TA_NQY!F23+TA_NQO!F23 -> 335 | F15: 300 | G15: =TA_NQY!G23+TA_NQO!G23 -> 20 | H15: 18 | I15: 2 | J15: 4 | K15: 2 | L15: 2 | M15: 2 | N15: 5 | O15: 10 | P15: 8 | Q15: 2 | R15: 5 | S15: 1 | T15: 3 | U15: 10 | V15: 10 | W15: 8 | X15: 9 | Y15: 8 | Z15: 9 | AA15: 7 | AB15: 8 | AC15: 10 | AD15: 10 | AE15: 7 | AF15: 8 | AG15: Reducing waiting time, Reducing total completion time, Workspace layout (how space is divided between me and the robot), Robot’s limitations for certain tasks | AH15: I tried to allocate the tasks in a way that both the robot and I had something to do at all times. Usually i did the more complex tasks, while the robot did things where it only had to place the buildings. | AI15: It was capable of everything it was assigned to do, however some things were just faster to do by myself. I thought the robot could also to some of the screws but i am aware that this is more complex since it can´t really place the screw and screw it in at the same time. | AJ15: Yes, it was faster at finding the blocks and where to put them. Although i also got faster at it while completing the experiment more often. | AK15: yes | AL15: yes, but i would still want the total time to be minimal so I would take that into consideration | AM15: yes | AN15: The fact that it doesnt do any screwing and, i also tried to the tasks that requires more "complex" movement as these take rather long. | AO15: no | AP15: Maybe I would place something myself to at the end so i am not watching the robot finsish while doing nothing.
A16: randomly assigned | B16: P26 | C16: 24 | D16: 66 | E16: =TA_NQY!F24+TA_NQO!F24 -> 305 | F16: 410 | G16: =TA_NQY!G24+TA_NQO!G24 -> 16 | H16: 16 | I16: 8 | J16: 7 | K16: 8 | L16: 9 | M16: 9 | N16: 8 | O16: 9 | P16: 10 | Q16: 8 | R16: 7 | S16: 1 | T16: 2 | U16: 9 | V16: 9 | W16: 10 | X16: 10 | Y16: 10 | Z16: 9 | AA16: 10 | AB16: 9 | AC16: 9 | AD16: 9 | AE16: 3 | AF16: 4 | AG16: Random choice, Reducing waiting time, Robot’s limitations for certain tasks | AH16: In couple of tasks random, for the others considered waiting time for efficiency | AI16: Good, just it could be better for putting parts in the places more precisely. | AJ16: Yes, for some parts I was mixing the directions, e.g. hospital. The robots could put it faster than me. | AK16: Yes. | AL16: Exactly. I allocated some parts to me since I saw that it was more difficult to put it precisely. | AM16: I can consider. Just I should check afterwards what the robot completed whether it is correct. | AN16: The interlocking of two parts, e.g. dovetail | AO16: Yes, I was not sure how we could collaborate together while assembling two pieces together closely like in the hospital part. But surprisingly got used to work with it. | AP16: I wouldn't work with him on the same task; I would allocate him tasks that I wasn't involved in. This slowed me down more than it should have.
A17: normal | B17: P27 | C17: 35 | D17: 69 | E17: =TA_NQY!F25+TA_NQO!F25 -> 295 | F17: 412 | G17: =TA_NQY!G25+TA_NQO!G25 -> 17 | H17: 22 | I17: 2 | J17: 6 | K17: 4 | L17: 2 | M17: 2 | N17: 5 | O17: 10 | P17: 10 | Q17: 3 | R17: 4 | S17: 1 | T17: 2 | U17: 9 | V17: 10 | W17: 10 | X17: 10 | Y17: 8 | Z17: 9 | AA17: 8 | AB17: 9 | AC17: 9 | AD17: 10 | AE17: 6 | AF17: 2 | AG17: Reducing waiting time, Reducing total completion time, Workspace layout (how space is divided between me and the robot) | AH17: When I had the feeling that I could do it faster without stress due to other tasks that I have. So if I had enough time at that point I would rather assign some task to myself. | AI17: It did everything what it was programmed to do and that was very precise. | AJ17: Not really, but it had more time to do the tasks when I was answering questions. It was nice to split the workload. | AK17: Yes, because I splitted the workload for my preferences so it feels balanced and fairly splitted. | AL17: Yes, I would also let him put the screws if he could do it and would not need much longer than me. | AM17: It felt more like a team, as I gave it nearly all of the tasks it could do. | AN17: The speed. | AO17: No, it always did exactly what I told him to do. | AP17: I would look on the board and try to allocate the tasks in an order, so I will not have to pause my current task because the robot is getting in my way.
A18: normal | B18: P28 | C18: 31 | D18: 72 | E18: =TA_NQY!F26+TA_NQO!F26 -> 220 | F18: 326 | G18: =TA_NQY!G26+TA_NQO!G26 -> 12 | H18: 18 | I18: 3 | J18: 6 | K18: 4 | L18: 4 | M18: 3 | N18: 7 | O18: 10 | P18: 9 | Q18: 3 | R18: 6 | S18: 2 | T18: 1 | U18: 6 | V18: 8 | W18: 7 | X18: 8 | Y18: 8 | Z18: 7 | AA18: 7 | AB18: 7 | AC18: 9 | AD18: 9 | AE18: 3 | AF18: 6 | AG18: Reducing waiting time, Reducing total completion time, Working at a comfortable pace, Robot’s limitations for certain tasks | AH18: increasing collaboration by distributing the tasks between me and the robot, taking the time it takes it or me to complete the task as an indicator | AI18: good for the task | AJ18: not realy, but it was more consistent and did not need to learn the process | AK18: yes | AL18: yes, e.g. the screwing | AM18: when allocating the tasks I felt like the leader, but when working I felt like a team with the robot | AN18: the speed of the robot | AO18: slightly to the positive, precision was good. | AP18: some minor changes for better distribution between me and the robot
A19: gave few tasks to robot but perfomed well | B19: P29 | C19: 37 | D19: 56 | E19: =TA_NQY!F27+TA_NQO!F27 -> 240 | F19: 260 | G19: =TA_NQY!G27+TA_NQO!G27 -> 11 | H19: 12 | I19: 2 | J19: 4 | K19: 2 | L19: 2 | M19: 3 | N19: 5 | O19: 10 | P19: 10 | Q19: 3 | R19: 5 | S19: 1 | T19: 1 | U19: 10 | V19: 10 | W19: 10 | X19: 10 | Y19: 10 | Z19: 10 | AA19: 10 | AB19: 10 | AC19: 10 | AD19: 10 | AE19: 4 | AF19: 4 | AG19: Reducing waiting time, Reducing total completion time, My own performance/abilities, Robot’s limitations for certain tasks | AH19: If I can finish the task before in time so he can start with the following aready, or calculating in some buffer time to answer some questions. | AI19: He can offload task but cant do them better | AJ19: No, he was there to paralellisiese the task while I had to answer questions or so | AK19: For me yes, but it was not equal for both | AL19: No he is not more capable | AM19: I was the lead | AN19: Speed | AO19: No | AP19: No everything worked out perfectly
A20: check for ta if it's the same | B20: P31 | C20: 26 | D20: 72 | E20: =TA_NQY!F29+TA_NQO!F29 -> 387 | F20: 371 | G20: =TA_NQY!G29+TA_NQO!G29 -> 17 | H20: 17 | I20: 3 | J20: 6 | K20: 2 | L20: 2 | M20: 5 | N20: 5 | O20: 10 | P20: 9 | Q20: 6 | R20: 4 | S20: 4 | T20: 7 | U20: 10 | V20: 8 | W20: 6 | X20: 8 | Y20: 9 | Z20: 8 | AA20: 9 | AB20: 7 | AC20: 9 | AD20: 10 | AE20: 8 | AF20: 9 | AG20: Reducing waiting time, Reducing total completion time, Robot’s limitations for certain tasks | AH20: Tried to think about how long it takes me and the robot to complete a task, and then assign the tasks such that we both finish at the same time in the end, maximizing efficiency. | AI20: Something that I forgot to take into account is how precise the robot is, meaning that although it does not move as fast, the movement it does is calculated and does not waste time. | AJ20: Maybe sliding the dovetail upper part in, it seemed strangely efficient at that. | AK20: For the most part, yes. | AL20: Definitely. | AM20: I felt like a team, maybe even as if the robot was the lead on some occassions, as it always finished before me. | AN20: Probably the fact that that it is not able to do the screwing parts. | AO20: It did, in the beginning I did not assign as many tasks to it, as I thought that I will be faster than the robot. By the last experiment I basically almost allocated all the tasks the robot could do to it. | AP20: I think moving the wheel holder placement higher, as during the last run I was waiting a bit too long for that to be placed. Except that, I believe the allocation was fine.
A21: normal | B21: P32 | C21: 39 | D21: 68 | E21: =TA_NQY!F30+TA_NQO!F30 -> 311 | F21: 417 | G21: =TA_NQY!G30+TA_NQO!G30 -> 18 | H21: 20 | I21: 2 | J21: 4 | K21: 2 | L21: 2 | M21: 3 | N21: 6 | O21: 10 | P21: 10 | Q21: 5 | R21: 7 | S21: 3 | T21: 5 | U21: 10 | V21: 9 | W21: 10 | X21: 9 | Y21: 10 | Z21: 8 | AA21: 10 | AB21: 9 | AC21: 9 | AD21: 9 | AE21: 6 | AF21: 7 | AG21: Reducing waiting time, Workspace layout (how space is divided between me and the robot), Robot’s limitations for certain tasks, My safety (avoiding collisions with the robot) | AH21: Based on the experienced waiting time | AI21: Keeping the pace. precision | AJ21: Precision of placement, no error in orders | AK21: yes | AL21: yes | AM21: yes, we are a team | AN21: the limitations and the safety in the workspace | AO21: no, it was positive from beginning | AP21: The last allocation of tasks was optimal, minimum stall time for me and robot, safety in the mvements
A22: for second experiment with Q performed better | B22: P33 | C22: 31 | D22: 64 | E22: =TA_NQY!F31+TA_NQO!F31 -> 298 | F22: 281 | G22: =TA_NQY!G31+TA_NQO!G31 -> 17 | H22: 16 | I22: 6 | J22: 9 | K22: 3 | L22: 4 | M22: 3 | N22: 7 | O22: 10 | P22: 9 | Q22: 8 | R22: 9 | S22: 8 | T22: 4 | U22: 7 | V22: 8 | W22: 8 | X22: 9 | Y22: 6 | Z22: 10 | AA22: 6 | AB22: 9 | AC22: 8 | AD22: 10 | AE22: 8 | AF22: 10 | AG22: Reducing waiting time, Workspace layout (how space is divided between me and the robot), Robot’s limitations for certain tasks | AH22: Taking into account the pop-up questions helped with the waiting times for the robot, as if timed correctly the questions can basically mask the time spent waiting for the robot to complete its tasks. Otherwise, the robot is fairly slow with picking up and placing the pieces, so complex parts can be shifted to be mostly done by humans, or in the case of the museum, the robot was not properly placing the piece. | AI22: It is ok, but I would prefer it if it were doing the screwing and detailed tasks like passing the rod through the buildings, as I feel it's were most of the effort is. | AJ22: No | AK22: Somewhat, once the paths of the robot are fixed and well-known it is easier to work around it | AL22: Definitely, especially for screwing | AM22: It felt more like the robot was helping me, rather than working together, also because the robot was not getting the pop-up questions | AN22: Its slowness | AO22: With the pop-up questions it actually improved a bit, because its slowness was on-par with the context switching for taking care of the pop-up questions | AP22: I am fairly satisfied with how I placed the tasks for the pop-up questions, so nothing
A23: normal | B23: P34 | C23: 30 | D23: 68 | E23: =TA_NQY!F32+TA_NQO!F32 -> 236 | F23: 373 | G23: =TA_NQY!G32+TA_NQO!G32 -> 13 | H23: 17 | I23: 2 | J23: 7 | K23: 3 | L23: 3 | M23: 5 | N23: 7 | O23: 8 | P23: 8 | Q23: 5 | R23: 3 | S23: 2 | T23: 2 | U23: 7 | V23: 8 | W23: 8 | X23: 9 | Y23: 6 | Z23: 7 | AA23: 5 | AB23: 6 | AC23: 9 | AD23: 9 | AE23: 7 | AF23: 7 | AG23: Reducing waiting time, Reducing total completion time, Workspace layout (how space is divided between me and the robot), Working at a comfortable pace, Robot’s limitations for certain tasks | AH23: I tried to reduce the working time and that the robot and i had the same work load. | AI23: Faster in placing the pieces correctly than i thougt. | AJ23: The robot doesn´t make mistakes caused by stress and works very constantly. | AK23: Yes. | AL23: Yes, i would. | AM23: I think we worked as a team and the robot is a very good support. | AN23: The robot should do the things he is capable of, the routine work, and i did the things, he couldn´t. | AO23: Yes, first i was a little bit sceptic, but the robot is work and "emotional" support, makes you feel more productive. | AP23: I would try to balance the workload more for more effiency, to save time. But if i would work with the robot for 8 hours, i would give the robot more tasks, so i won`t get exhausted.
A24: gave all to the robot, perfomed bad | B24: P35 | C24: 34 | D24: 71 | E24: =TA_NQY!F33+TA_NQO!F33 -> 383 | F24: 392 | G24: =TA_NQY!G33+TA_NQO!G33 -> 22 | H24: 22 | I24: 3 | J24: 4 | K24: 3 | L24: 3 | M24: 4 | N24: 4 | O24: 10 | P24: 9 | Q24: 3 | R24: 4 | S24: 1 | T24: 2 | U24: 9 | V24: 9 | W24: 10 | X24: 10 | Y24: 10 | Z24: 10 | AA24: 10 | AB24: 10 | AC24: 10 | AD24: 9 | AE24: 2 | AF24: 2 | AG24: Reducing total completion time, My own performance/abilities, Robot’s limitations for certain tasks | AH24: most demanding tasks at first, then the robot does the work | AI24: Very good, but could be quicker | AJ24: no | AK24: yes | AL24: yes | AM24: yes, team | AN24: Moving parts to the right place, when it makes the most sense | AO24: no | AP24: actually nothing
A25: normal | B25: P36 | C25: 32 | D25: 70 | E25: =TA_NQY!F34+TA_NQO!F34 -> 345 | F25: 386 | G25: =TA_NQY!G34+TA_NQO!G34 -> 20 | H25: 22 | I25: 1 | J25: 6 | K25: 5 | L25: 6 | M25: 2 | N25: 7 | O25: 7 | P25: 5 | Q25: 3 | R25: 4 | S25: 2 | T25: 1 | U25: 7 | V25: 6 | W25: 7 | X25: 6 | Y25: 8 | Z25: 7 | AA25: 7 | AB25: 7 | AC25: 10 | AD25: 9 | AE25: 8 | AF25: 9 | AG25: Reducing waiting time, Reducing total completion time, Workspace layout (how space is divided between me and the robot) | AH25: I wanted to safe time while using the robot | AI25: Good for parallel task while I do something else like screwing | AJ25: No. In general I would say he is slower in doing the tasks, therefore I decided at the last round to do a view of the tasks by my one. But it is good to use him for tasks while i do something else (see answer 3) | AK25: Yes | AL25: Yeah, if it could save some time for me or if it releaves some stress I would allocate more tasks to him, depending on the use case. | AM25: I think we were a equal team | AN25: My allocation decision was not influenced by the qualities of the robot I would say, but rahter on the duration and steps within the task | AO25: No | AP25: Yeah, I would realocate the order of the tasks to finish even faster
A31: CATEGORY:
A32: normal | B32: many
A33: in second experiment with Q, gave less to robot and performed better | B33: P25, P33
A34: in second experiment with Q, gave less to robot and performed normal | B34: P19,P21
A35: in second experiment without Q got chilled | B35: P12
A36: Gave all the tasks to the robot | B36: P23, P24,P35
A37: Gave same amount of tasks to the robot in both scenarios | B37: P13, P17, P31
A38: lack of skill in mental load, but good in physical | B38: P15
A39: didn’t aim for optimization but performed normal | B39: P22,P26
A40: gave few tasks to robot but performed good | B40: P29

Sheet questionnair
B1: Demographics | G1: Self Assesment | Q1: General Attitude toward robots | AO1: Nasa TLX | BB1: Nasa TlX | BW1: Post experiment
A2: Timestamp | B2: Participant ID: | C2: Gender | D2: Age | E2: Have you ever had any experience cooperating or interacting with a robot before this experiment? | F2: 1- Is the robot’s presence pleasant to you? | G2: 1- I can always manage to solve difficult problems if I try hard enough. | H2: 2- If someone opposes me, I can find the means and ways to get what I want. | I2: 3- It is easy for me to stick to my aims and accomplish my goals. | J2: 4- I am confident that I could deal efficiently with unexpected events. | K2: 5- Thanks to my resourcefulness, I know how to handle unforeseen situations. | L2: 6- I can solve most problems if I invest the necessary effort. | M2: 7- I can remain calm when facing difficulties because I can rely on my coping abilities. | N2: 8- When I am confronted with a problem, I can usually find several solutions. | O2: 9- If I am in trouble, I can usually think of a solution. | P2: 10- I can usually handle whatever comes my way. | Q2: Mean | R2: SUM | S2: 1- I can trust persons and organizations related to development of robots | T2: 2- Persons and organizations related to development of robots will consider the needs, thoughts and feelings of their users | U2: 3- I can trust a robot | V2: 4- I would feel relaxed talking with a robot | W2: 5- If robots had emotions, I would be able to be friend with them | X2: 6- I would feel uneasy if I was given a job where I had to use robots | Y2: 7- I fear that a robot would not understand my commands | Z2: 8- Robots scare me | AA2: 9- I would feel very nervous just being around a robot | AB2: 10- I don’t want a robot to touch me | AC2: 11- Robots are necessary because they can do jobs that are too hard or too dangerous for people | AD2: 12- Robots can make life easier | AE2: 13- Assigning routine tasks to robots lets people do more meaningful tasks | AF2: 14- Dangerous tasks should primarily be given to robots | AG2: 15- Robots are a good thing for society, because they help people | AH2: 16- Robots may make us even lazier | AI2: 17- Widespread use of robots is going to take away jobs from people | AJ2: 18- I am afraid that robots will encourage less interaction between humans | AK2: 19- Robotics is one of the areas of technology that needs to be closely monitored | AL2: 20- Unregulated use of robotics can lead to societal upheavals | AM2: Sum( reversed negative values) | AN2: Personal positive | AO2: Personal negative | AP2: Social Posiitve | AQ2: Social negative | AR2: Please indicate the scenario you just completed: | AS2: Assembly time | AT2: Robot N_task | AU2: 1.) Mental Demand: How much thinking, deciding, or calculating was required to perform the tasks? | AV2: 2.) Physical Demand: How much physical activity was required to perform the tasks? | AW2: 3.) Temporal Demand: How hurried or rushed was the pace of the tasks? | AX2: 4.) Performance: How successful were you in accomplishing what you were asked to do? | AY2: 5.) Effort: How hard did you have to work to accomplish and maintain your level of performance? | AZ2: 6.) Frustration: How insecure, discouraged, irritated, stressed, and annoyed were you? | BA2: 7.) Satisfaction: How satisfied were you with the outcome of the collaboration. | BB2: 8.) Fairness: How fair do you think your task allocation was? | BC2: 9.) Efficency: How efficient your task allocation was? | BD2: 10.) Task Allocation: How satisfied are you with your task allocation? | BE2: 11.) Willingness: Are you willing to collaborate with this robot on more important tasks? | BF2: 12.) Decision-Making: How difficult was it to decide which tasks to assign to yourself versus the robot? | BG2: Please indicate the scenario you just completed: | BH2: TA Time_NQ | BI2: TA Time_q | BJ2: Assembly time with question | BK2: Robot N_task With question | BL2: 1.) Mental Demand: How much thinking, deciding, or calculating was required to perform the tasks?2 | BM2: 2.) Physical Demand: How much physical activity was required to perform the tasks? 3 | BN2: 3.) Temporal Demand: How hurried or rushed was the pace of the tasks?4 | BO2: 4.) Performance: How successful were you in accomplishing what you were asked to do?5 | BP2: 5.) Effort: How hard did you have to work to accomplish and maintain your level of performance?6 | BQ2: 6.) Frustration: How insecure, discouraged, irritated, stressed, and annoyed were you? 7 | BR2: 7.) Satisfaction: How satisfied were you with the outcome of the collaboration.8 | BS2: 8.) Fairness: How fair do you think your task allocation was? 9 | BT2: 9.) Efficiency: How efficient your task allocation was? | BU2: 10.) Task Allocation: How satisfied are you with your task allocation?10 | BV2: 11.) Willingness: Are you willing to collaborate with this robot on more important tasks?11 | BW2: 12.) Decision-Making: How difficult was it to decide which tasks to assign to yourself versus the robot?12 | BX2: 1- What factors influenced how you assigned tasks between yourself and the robot? (Select all that apply) | BY2: 2- How did you decide whether to assign a task to yourself or the robot? | BZ2: 3- What were your thoughts about the robot’s capabilities? | CA2: 4- Did you feel the robot was better at any tasks than you? | CB2: 5- Did the collaboration feel balanced? | CC2: 6- Do you think if the robot was more capable you would allocate more tasks to it? | CD2: 7- Did you consider yourself and the robot as a team? Or did you feel you are the lead of it? | CE2: 8- What qualities of the robot influenced your allocation decisions? | CF2: 9- Did your opinion of the robot change during the task? | CG2: 10- If you could reallocate the tasks after this experience, what would you change and why?
A3: 45881.446 | B3: 1 | C3: Male | D3: 26 | E3: Yes | F3: 2 | G3: 3 | H3: 3 | I3: 3 | J3: 3 | K3: 3 | L3: 4 | M3: 3 | N3: 3 | O3: 3 | P3: 3 | Q3: =Form_Responses[[#This Row],[SUM]]/10 -> 3.1 | R3: =SUM(Form_Responses[[#This Row],[1- I can always manage to solve difficult problems if I try hard enough.]:[10- I can usually handle whatever comes my way.]]) -> 31 | S3: 3 | T3: 2 | U3: 2 | V3: 2 | W3: 1 | X3: 3 | Y3: 2 | Z3: 1 | AA3: 1 | AB3: 2 | AC3: 4 | AD3: 5 | AE3: 5 | AF3: 5 | AG3: 3 | AH3: 3 | AI3: 2 | AJ3: 3 | AK3: 5 | AL3: 5 | AM3: =60+SUM(Form_Responses[[#This Row],[11- Robots are necessary because they can do jobs that are too hard or too dangerous for people ]:[15- Robots are a good thing for society, because they help people]])-SUM(Form_Responses[[#This Row],[16- Robots may make us even lazier ]:[20- Unregulated use of robotics can lead to societal upheavals]]) -> 64 | AN3: =SUM(Form_Responses[[#This Row],[1- I can trust persons and organizations related to development of robots ]:[5- If robots had emotions, I would be able to be friend with them]]) -> 10 | AO3: =SUM(Form_Responses[[#This Row],[6- I would feel uneasy if I was given a job where I had to use robots]:[10- I don’t want a robot to touch me]]) -> 9 | AP3: =SUM(Form_Responses[[#This Row],[11- Robots are necessary because they can do jobs that are too hard or too dangerous for people ]:[15- Robots are a good thing for society, because they help people]]) -> 22 | AQ3: =SUM(Form_Responses[[#This Row],[16- Robots may make us even lazier ]:[20- Unregulated use of robotics can lead to societal upheavals]]) -> 18 | AR3: Without pop-up questions | AS3: =TA_NQY!F3+TA_NQO!F3 -> 332 | AT3: =TA_NQY!G3+TA_NQO!G3 -> 16 | AU3: 2 | AV3: 1 | AW3: 4 | AX3: 10 | AY3: 1 | AZ3: 1 | BA3: 3 | BB3: 9 | BC3: 4 | BD3: 4 | BE3: 3 | BF3: 9 | BG3: With pop-up questions | BH3: =TA_NQY!E3+TA_NQO!E3 -> 183 | BI3: =TA_QY!E3+TA_QO!E3 -> 101 | BJ3: =TA_QY!F3+TA_QO!F3 -> 341 | BK3: =TA_QY!G3+TA_QO!G3 -> 13 | BL3: 3 | BM3: 2 | BN3: 6 | BO3: 9 | BP3: 4 | BQ3: 1 | BR3: 5 | BS3: 5 | BT3: 6 | BU3: 5 | BV3: 3 | BW3: 8 | BY3: what would be the quickest and where I could parallize tasks | BZ3: it is a simple pick and place task | CA3: no | CB3: sometimes, but it was on me to find a way to make it balanced | CC3: yes | CD3: I felt in control of the robot, since I had to decide the task allocation | CE3: where I could do some work in parallel | CF3: no | CG3: I would change the order and allocate some more tasks while answering the maths questions, while allocating less when not doing anything else in parallel
A4: 45881.618 | B4: 2 | C4: Male | D4: 46 | E4: Yes | F4: 3 | G4: 4 | H4: 3 | I4: 3 | J4: 4 | K4: 3 | L4: 3 | M4: 4 | N4: 3 | O4: 3 | P4: 3 | Q4: =Form_Responses[[#This Row],[SUM]]/10 -> 3.3 | R4: =SUM(Form_Responses[[#This Row],[1- I can always manage to solve difficult problems if I try hard enough.]:[10- I can usually handle whatever comes my way.]]) -> 33 | S4: 4 | T4: 4 | U4: 4 | V4: 2 | W4: 3 | X4: 1 | Y4: 2 | Z4: 1 | AA4: 2 | AB4: 2 | AC4: 5 | AD4: 5 | AE4: 4 | AF4: 4 | AG4: 5 | AH4: 4 | AI4: 4 | AJ4: 4 | AK4: 4 | AL4: 3 | AM4: =60+SUM(Form_Responses[[#This Row],[11- Robots are necessary because they can do jobs that are too hard or too dangerous for people ]:[15- Robots are a good thing for society, because they help people]])-SUM(Form_Responses[[#This Row],[16- Robots may make us even lazier ]:[20- Unregulated use of robotics can lead to societal upheavals]]) -> 64 | AN4: =SUM(Form_Responses[[#This Row],[1- I can trust persons and organizations related to development of robots ]:[5- If robots had emotions, I would be able to be friend with them]]) -> 17 | AO4: =SUM(Form_Responses[[#This Row],[6- I would feel uneasy if I was given a job where I had to use robots]:[10- I don’t want a robot to touch me]]) -> 8 | AP4: =SUM(Form_Responses[[#This Row],[11- Robots are necessary because they can do jobs that are too hard or too dangerous for people ]:[15- Robots are a good thing for society, because they help people]]) -> 23 | AQ4: =SUM(Form_Responses[[#This Row],[16- Robots may make us even lazier ]:[20- Unregulated use of robotics can lead to societal upheavals]]) -> 19 | AR4: Without pop-up questions | AS4: =TA_NQY!F4+TA_NQO!F4 -> 384 | AT4: =TA_NQY!G4+TA_NQO!G4 -> 20 | AU4: 4 | AV4: 4 | AW4: 3 | AX4: 10 | AY4: 6 | AZ4: 2 | BA4: 9 | BB4: 9 | BC4: 8 | BD4: 9 | BE4: 9 | BF4: 3 | BG4: With pop-up questions | BH4: =TA_NQY!E4+TA_NQO!E4 -> 194 | BI4: =TA_QY!E4+TA_QO!E4 -> 125 | BJ4: =TA_QY!F4+TA_QO!F4 -> 372 | BK4: =TA_QY!G4+TA_QO!G4 -> 14 | BL4: 5 | BM4: 4 | BN4: 6 | BO4: 8 | BP4: 7 | BQ4: 3 | BR4: 8 | BS4: 9 | BT4: 8 | BU4: 9 | BV4: 9 | BW4: 7 | BY4: I tried to increase paralleliyation of tasks and to reduce waiting times. The first step I kept to the human in order to maintain control. | BZ4: It is verz capable for pick and place tasks, predictable, but slow. | CA4: Zes, in reproducing positioned pick and place tasks. For all the rest, I was better. | CB4: yes | CC4: yes | CD4: yes, team. I did not wand to stop it and wanted to increase productivitz in the sense of reducing overall process time. | CE4: speed, spatial position of the building blocks on the board, so that we could work in parallel | CF4: a little bit as I experienced that the positioning of the robot was verz precise *(good) but also negativelz as there were two collisions at the wheel placement task | CG4: I would probably keep pretty much the same allocation, perhaps I would play around with some variants to improve the process and to reduce the process time
A5: 45887.61 | B5: 3 | C5: Male | D5: 35 | E5: Yes | F5: 3 | G5: 4 | H5: 2 | I5: 3 | J5: 3 | K5: 3 | L5: 4 | M5: 3 | N5: 4 | O5: 4 | P5: 4 | Q5: =Form_Responses[[#This Row],[SUM]]/10 -> 3.4 | R5: =SUM(Form_Responses[[#This Row],[1- I can always manage to solve difficult problems if I try hard enough.]:[10- I can usually handle whatever comes my way.]]) -> 34 | S5: 3 | T5: 4 | U5: 4 | V5: 2 | W5: 1 | X5: 1 | Y5: 3 | Z5: 1 | AA5: 1 | AB5: 3 | AC5: 5 | AD5: 5 | AE5: 3 | AF5: 5 | AG5: 4 | AH5: 2 | AI5: 5 | AJ5: 2 | AK5: 4 | AL5: 5 | AM5: =60+SUM(Form_Responses[[#This Row],[11- Robots are necessary because they can do jobs that are too hard or too dangerous for people ]:[15- Robots are a good thing for society, because they help people]])-SUM(Form_Responses[[#This Row],[16- Robots may make us even lazier ]:[20- Unregulated use of robotics can lead to societal upheavals]]) -> 64 | AN5: =SUM(Form_Responses[[#This Row],[1- I can trust persons and organizations related to development of robots ]:[5- If robots had emotions, I would be able to be friend with them]]) -> 14 | AO5: =SUM(Form_Responses[[#This Row],[6- I would feel uneasy if I was given a job where I had to use robots]:[10- I don’t want a robot to touch me]]) -> 9 | AP5: =SUM(Form_Responses[[#This Row],[11- Robots are necessary because they can do jobs that are too hard or too dangerous for people ]:[15- Robots are a good thing for society, because they help people]]) -> 22 | AQ5: =SUM(Form_Responses[[#This Row],[16- Robots may make us even lazier ]:[20- Unregulated use of robotics can lead to societal upheavals]]) -> 18 | AR5: Without pop-up questions | AS5: =TA_NQY!F5+TA_NQO!F5 -> 332 | AT5: =TA_NQY!G5+TA_NQO!G5 -> 14 | AU5: 3 | AV5: 1 | AW5: 3 | AX5: 10 | AY5: 1 | AZ5: 1 | BA5: 10 | BB5: 10 | BC5: 9 | BD5: 10 | BE5: 10 | BF5: 2 | BG5: With pop-up questions | BH5: =TA_NQY!E5+TA_NQO!E5 -> 169 | BI5: =TA_QY!E5+TA_QO!E5 -> 134 | BJ5: =TA_QY!F5+TA_QO!F5 -> 258 | BK5: =TA_QY!G5+TA_QO!G5 -> 14 | BL5: 6 | BM5: 2 | BN5: 5 | BO5: 10 | BP5: 5 | BQ5: 1 | BR5: 10 | BS5: 10 | BT5: 9 | BU5: 10 | BV5: 10 | BW5: 2 | BY5: Based on buildings, if I have to screw I thought it would make sense to also place the components, to focus on complete buildings, and the cobot can assign in the meantime other buildings. | BZ5: The robot did a good job, sometimes the accuracy was not perfect, but it improved the speed of the whole process | CA5: no | CB5: yes | CC5: yes | CD5: I thought we are a team, but I have the possiblity to decide | CE5: that the robot can only do pick and place tasks and no screwing tasks | CF5: No | CG5: I think in the last version it was a good collaboration, which was also efficient. So I would not reallocate anything. Maybe I would try further combinations to check if there are more efficient ones
A6: 45887.647 | B6: 4 | C6: Male | D6: 30 | E6: Yes | F6: 3 | G6: 4 | H6: 3 | I6: 4 | J6: 4 | K6: 4 | L6: 4 | M6: 4 | N6: 4 | O6: 4 | P6: 4 | Q6: =Form_Responses[[#This Row],[SUM]]/10 -> 3.9 | R6: =SUM(Form_Responses[[#This Row],[1- I can always manage to solve difficult problems if I try hard enough.]:[10- I can usually handle whatever comes my way.]]) -> 39 | S6: 3 | T6: 2 | U6: 5 | V6: 5 | W6: 1 | X6: 1 | Y6: 2 | Z6: 1 | AA6: 1 | AB6: 3 | AC6: 3 | AD6: 5 | AE6: 3 | AF6: 4 | AG6: 4 | AH6: 1 | AI6: 1 | AJ6: 1 | AK6: 2 | AL6: 2 | AM6: =60+SUM(Form_Responses[[#This Row],[11- Robots are necessary because they can do jobs that are too hard or too dangerous for people ]:[15- Robots are a good thing for society, because they help people]])-SUM(Form_Responses[[#This Row],[16- Robots may make us even lazier ]:[20- Unregulated use of robotics can lead to societal upheavals]]) -> 72 | AN6: =SUM(Form_Responses[[#This Row],[1- I can trust persons and organizations related to development of robots ]:[5- If robots had emotions, I would be able to be friend with them]]) -> 16 | AO6: =SUM(Form_Responses[[#This Row],[6- I would feel uneasy if I was given a job where I had to use robots]:[10- I don’t want a robot to touch me]]) -> 8 | AP6: =SUM(Form_Responses[[#This Row],[11- Robots are necessary because they can do jobs that are too hard or too dangerous for people ]:[15- Robots are a good thing for society, because they help people]]) -> 19 | AQ6: =SUM(Form_Responses[[#This Row],[16- Robots may make us even lazier ]:[20- Unregulated use of robotics can lead to societal upheavals]]) -> 7 | AR6: Without pop-up questions | AS6: =TA_NQY!F6+TA_NQO!F6 -> 282 | AT6: =TA_NQY!G6+TA_NQO!G6 -> 14 | AU6: 6 | AV6: 6 | AW6: 6 | AX6: 8 | AY6: 3 | AZ6: 4 | BA6: 7 | BB6: 5 | BC6: 7 | BD6: 7 | BE6: 5 | BF6: 4 | BG6: With pop-up questions | BH6: =TA_NQY!E6+TA_NQO!E6 -> 344 | BI6: =TA_QY!E6+TA_QO!E6 -> 407 | BJ6: =TA_QY!F6+TA_QO!F6 -> 331 | BK6: =TA_QY!G6+TA_QO!G6 -> 12 | BL6: 8 | BM6: 7 | BN6: 10 | BO6: 7 | BP6: 3 | BQ6: 8 | BR6: 5 | BS6: 5 | BT6: 6 | BU6: 4 | BV6: 5 | BW6: 8 | BY6: based on the spatial layout of the task such that the robot does not get in my way and by estimating how long the robot will take to do those tasks to avoid either of me or the robot being idle. | BZ6: nothing specific | CA6: no | CB6: it felt balanced in the last run, because i optimised the allocation strategy and both me and the robot pretty much finished at the exact same time | CC6: no. elaborate answer - after 1-2 runs i figured out it takes around 6-7 robot actions for me to finish the task. i would not assign more or less because then i would have to wait for the robot to finish | CD6: i felt like a team when we finished at the same time. But my opinion on this matter is biased based on prior literature on HRI | CE6: nothing specific - i did not pay attention to the robot much. instead, i focused on the layout | CF6: i believe i changed the allocation slightly, due to a.) fine tuning the number of actions and how long they take and b.) some things about the task were not that clear and became clearer during the process, so i adapted my strategy | CG6: nothing specific, i believe after 4 runs i more or less optimised my strategy
A7: 45889.499 | B7: 5 | C7: Male | D7: 33 | E7: Yes | F7: 3 | G7: 3 | H7: 3 | I7: 3 | J7: 3 | K7: 3 | L7: 3 | M7: 3 | N7: 3 | O7: 3 | P7: 3 | Q7: =Form_Responses[[#This Row],[SUM]]/10 -> 3 | R7: =SUM(Form_Responses[[#This Row],[1- I can always manage to solve difficult problems if I try hard enough.]:[10- I can usually handle whatever comes my way.]]) -> 30 | S7: 4 | T7: 4 | U7: 4 | V7: 5 | W7: 3 | X7: 2 | Y7: 2 | Z7: 1 | AA7: 1 | AB7: 3 | AC7: 5 | AD7: 4 | AE7: 4 | AF7: 4 | AG7: 4 | AH7: 1 | AI7: 2 | AJ7: 2 | AK7: 3 | AL7: 2 | AM7: =60+SUM(Form_Responses[[#This Row],[11- Robots are necessary because they can do jobs that are too hard or too dangerous for people ]:[15- Robots are a good thing for society, because they help people]])-SUM(Form_Responses[[#This Row],[16- Robots may make us even lazier ]:[20- Unregulated use of robotics can lead to societal upheavals]]) -> 71 | AN7: =SUM(Form_Responses[[#This Row],[1- I can trust persons and organizations related to development of robots ]:[5- If robots had emotions, I would be able to be friend with them]]) -> 20 | AO7: =SUM(Form_Responses[[#This Row],[6- I would feel uneasy if I was given a job where I had to use robots]:[10- I don’t want a robot to touch me]]) -> 9 | AP7: =SUM(Form_Responses[[#This Row],[11- Robots are necessary because they can do jobs that are too hard or too dangerous for people ]:[15- Robots are a good thing for society, because they help people]]) -> 21 | AQ7: =SUM(Form_Responses[[#This Row],[16- Robots may make us even lazier ]:[20- Unregulated use of robotics can lead to societal upheavals]]) -> 10 | AR7: Without pop-up questions | AS7: =TA_NQY!F7+TA_NQO!F7 -> 343 | AT7: =TA_NQY!G7+TA_NQO!G7 -> 15 | AU7: 2 | AV7: 2 | AW7: 3 | AX7: 8 | AY7: 4 | AZ7: 5 | BA7: 7 | BB7: 8 | BC7: 7 | BD7: 7 | BE7: 7 | BF7: 5 | BG7: With pop-up questions | BH7: =TA_NQY!E7+TA_NQO!E7 -> 163 | BI7: =TA_QY!E7+TA_QO!E7 -> 87 | BJ7: =TA_QY!F7+TA_QO!F7 -> 353 | BK7: =TA_QY!G7+TA_QO!G7 -> 15 | BL7: 2 | BM7: 2 | BN7: 4 | BO7: 8 | BP7: 2 | BQ7: 5 | BR7: 8 | BS7: 8 | BT7: 7 | BU7: 8 | BV7: 8 | BW7: 8 | BY7: Based on experienced downtime and perceived bottlenecks | BZ7: It does its job on predetermined coordinates | CA7: no | CB7: in terms of task load / capacity : sure | CC7: sure | CD7: lead | CE7: downtime | CF7: no | CG7: sequence of tasks, to minimize downtime
A8: 45909.445 | B8: p11 | C8: Female | D8: 31 | E8: Yes | F8: 4 | G8: 4 | H8: 3 | I8: 4 | J8: 3 | K8: 2 | L8: 4 | M8: 2 | N8: 3 | O8: 4 | P8: 3 | Q8: =Form_Responses[[#This Row],[SUM]]/10 -> 3.2 | R8: =SUM(Form_Responses[[#This Row],[1- I can always manage to solve difficult problems if I try hard enough.]:[10- I can usually handle whatever comes my way.]]) -> 32 | S8: 5 | T8: 5 | U8: 5 | V8: 5 | W8: 5 | X8: 1 | Y8: 1 | Z8: 1 | AA8: 1 | AB8: 1 | AC8: 5 | AD8: 5 | AE8: 5 | AF8: 5 | AG8: 4 | AH8: 4 | AI8: 4 | AJ8: 4 | AK8: 5 | AL8: 4 | AM8: =60+SUM(Form_Responses[[#This Row],[11- Robots are necessary because they can do jobs that are too hard or too dangerous for people ]:[15- Robots are a good thing for society, because they help people]])-SUM(Form_Responses[[#This Row],[16- Robots may make us even lazier ]:[20- Unregulated use of robotics can lead to societal upheavals]]) -> 63 | AN8: =SUM(Form_Responses[[#This Row],[1- I can trust persons and organizations related to development of robots ]:[5- If robots had emotions, I would be able to be friend with them]]) -> 25 | AO8: =SUM(Form_Responses[[#This Row],[6- I would feel uneasy if I was given a job where I had to use robots]:[10- I don’t want a robot to touch me]]) -> 5 | AP8: =SUM(Form_Responses[[#This Row],[11- Robots are necessary because they can do jobs that are too hard or too dangerous for people ]:[15- Robots are a good thing for society, because they help people]]) -> 24 | AQ8: =SUM(Form_Responses[[#This Row],[16- Robots may make us even lazier ]:[20- Unregulated use of robotics can lead to societal upheavals]]) -> 21 | AR8: Without pop-up questions | AS8: =TA_NQY!F8+TA_NQO!F8 -> 347 | AT8: =TA_NQY!G8+TA_NQO!G8 -> 19 | AU8: 4 | AV8: 7 | AW8: 6 | AX8: 10 | AY8: 7 | AZ8: 6 | BA8: 10 | BB8: 10 | BC8: 9 | BD8: 9 | BE8: 10 | BF8: 4 | BG8: With pop-up questions | BH8: =TA_NQY!E8+TA_NQO!E8 -> 109 | BI8: =TA_QY!E8+TA_QO!E8 -> 126 | BJ8: =TA_QY!F8+TA_QO!F8 -> 581 | BK8: =TA_QY!G8+TA_QO!G8 -> 21 | BL8: 10 | BM8: 9 | BN8: 8 | BO8: 10 | BP8: 9 | BQ8: 9 | BR8: 9 | BS8: 8 | BT8: 9 | BU8: 9 | BV8: 10 | BW8: 10 | BX8: Reducing waiting time, Reducing total completion time | BY8: Not to wait for robot, but whith pop up questions it was much more complicated. | BZ8: It was good, I liked how it was doing dovetail uper parts. | CA8: No, but when I needed to think for questions it was better. | CB8: Yes, I feel if I had one more round it could be optimized in both set up. | CC8: Yes, probably doing screw with nuts. | CD8: more like a team that I needed to adjust my moves to it and when is the optimom time to do the task and not to crash. | CE8: low pace of robot made me sometimes change the allocations | CF8: no | CG8: for without question I do wheel myself and second part of bridge and second part of hospital, for with questions just I do the second part of hospital and the rest with robot.
A9: 45909.49 | B9: P12 | C9: Male | D9: 29 | E9: Yes | F9: 3 | G9: 4 | H9: 4 | I9: 4 | J9: 4 | K9: 4 | L9: 4 | M9: 3 | N9: 4 | O9: 4 | P9: 4 | Q9: =Form_Responses[[#This Row],[SUM]]/10 -> 3.9 | R9: =SUM(Form_Responses[[#This Row],[1- I can always manage to solve difficult problems if I try hard enough.]:[10- I can usually handle whatever comes my way.]]) -> 39 | S9: 3 | T9: 3 | U9: 4 | V9: 5 | W9: 5 | X9: 5 | Y9: 5 | Z9: 1 | AA9: 3 | AB9: 3 | AC9: 5 | AD9: 5 | AE9: 5 | AF9: 2 | AG9: 4 | AH9: 4 | AI9: 3 | AJ9: 3 | AK9: 3 | AL9: 4 | AM9: =60+SUM(Form_Responses[[#This Row],[11- Robots are necessary because they can do jobs that are too hard or too dangerous for people ]:[15- Robots are a good thing for society, because they help people]])-SUM(Form_Responses[[#This Row],[16- Robots may make us even lazier ]:[20- Unregulated use of robotics can lead to societal upheavals]]) -> 64 | AN9: =SUM(Form_Responses[[#This Row],[1- I can trust persons and organizations related to development of robots ]:[5- If robots had emotions, I would be able to be friend with them]]) -> 20 | AO9: =SUM(Form_Responses[[#This Row],[6- I would feel uneasy if I was given a job where I had to use robots]:[10- I don’t want a robot to touch me]]) -> 17 | AP9: =SUM(Form_Responses[[#This Row],[11- Robots are necessary because they can do jobs that are too hard or too dangerous for people ]:[15- Robots are a good thing for society, because they help people]]) -> 21 | AQ9: =SUM(Form_Responses[[#This Row],[16- Robots may make us even lazier ]:[20- Unregulated use of robotics can lead to societal upheavals]]) -> 17 | AR9: Without pop-up questions | AS9: =TA_NQY!F9+TA_NQO!F9 -> 341 | AT9: =TA_NQY!G9+TA_NQO!G9 -> 20 | AU9: 1 | AV9: 2 | AW9: 3 | AX9: 10 | AY9: 2 | AZ9: 1 | BA9: 10 | BB9: 10 | BC9: 10 | BD9: 10 | BE9: 10 | BF9: 2 | BG9: With pop-up questions | BH9: =TA_NQY!E9+TA_NQO!E9 -> 124 | BI9: =TA_QY!E9+TA_QO!E9 -> 210 | BJ9: =TA_QY!F9+TA_QO!F9 -> 301 | BK9: =TA_QY!G9+TA_QO!G9 -> 19 | BL9: 6 | BM9: 3 | BN9: 7 | BO9: 9 | BP9: 8 | BQ9: 6 | BR9: 9 | BS9: 9 | BT9: 8 | BU9: 9 | BV9: 10 | BW9: 3 | BX9: Reducing waiting time, Workspace layout (how space is divided between me and the robot), Working at a comfortable pace, Robot’s limitations for certain tasks, Let the robot do the work | BY9: Limitations of the robot | BZ9: Quite nice, but hopefully can be do more soon | CA9: No, it was able to do the simple tasks | CB9: Yes, seemed good. I let the robot do the collaboration tasks first and then the robot only tasks. | CC9: Yes, could use time for something else | CD9: No, he is my work assistant | CE9: safe time for me | CF9: First, I thought optimizing the overal performance, then reducing my workload | CG9: I would not reallocate the tasks, but focus on iterative steps on improving the collaboration. I need to understand the capabilities of the robot first, before assigning tasks to it.
A10: 45909.571 | B10: P13 | C10: Male | D10: 28 | E10: Yes | F10: 4 | G10: 3 | H10: 3 | I10: 4 | J10: 2 | K10: 2 | L10: 4 | M10: 4 | N10: 4 | O10: 3 | P10: 1 | Q10: =Form_Responses[[#This Row],[SUM]]/10 -> 3 | R10: =SUM(Form_Responses[[#This Row],[1- I can always manage to solve difficult problems if I try hard enough.]:[10- I can usually handle whatever comes my way.]]) -> 30 | S10: 3 | T10: 1 | U10: 2 | V10: 1 | W10: 1 | X10: 2 | Y10: 2 | Z10: 1 | AA10: 1 | AB10: 1 | AC10: 5 | AD10: 5 | AE10: 3 | AF10: 5 | AG10: 5 | AH10: 4 | AI10: 4 | AJ10: 4 | AK10: 4 | AL10: 5 | AM10: =60+SUM(Form_Responses[[#This Row],[11- Robots are necessary because they can do jobs that are too hard or too dangerous for people ]:[15- Robots are a good thing for society, because they help people]])-SUM(Form_Responses[[#This Row],[16- Robots may make us even lazier ]:[20- Unregulated use of robotics can lead to societal upheavals]]) -> 62 | AN10: =SUM(Form_Responses[[#This Row],[1- I can trust persons and organizations related to development of robots ]:[5- If robots had emotions, I would be able to be friend with them]]) -> 8 | AO10: =SUM(Form_Responses[[#This Row],[6- I would feel uneasy if I was given a job where I had to use robots]:[10- I don’t want a robot to touch me]]) -> 7 | AP10: =SUM(Form_Responses[[#This Row],[11- Robots are necessary because they can do jobs that are too hard or too dangerous for people ]:[15- Robots are a good thing for society, because they help people]]) -> 23 | AQ10: =SUM(Form_Responses[[#This Row],[16- Robots may make us even lazier ]:[20- Unregulated use of robotics can lead to societal upheavals]]) -> 21 | AR10: Without pop-up questions | AS10: =TA_NQY!F10+TA_NQO!F10 -> 265 | AT10: =TA_NQY!G10+TA_NQO!G10 -> 14 | AU10: 3 | AV10: 6 | AW10: 8 | AX10: 4 | AY10: 4 | AZ10: 7 | BA10: 8 | BB10: 8 | BC10: 6 | BD10: 3 | BE10: 10 | BF10: 4 | BG10: With pop-up questions | BH10: =TA_NQY!E10+TA_NQO!E10 -> 571 | BI10: =TA_QY!E10+TA_QO!E10 -> 124 | BJ10: =TA_QY!F10+TA_QO!F10 -> 300 | BK10: =TA_QY!G10+TA_QO!G10 -> 14 | BL10: 9 | BM10: 7 | BN10: 9 | BO10: 10 | BP10: 7 | BQ10: 5 | BR10: 10 | BS10: 10 | BT10: 10 | BU10: 10 | BV10: 10 | BW10: 5 | BX10: Reducing waiting time, Reducing total completion time | BY10: Previous tasks where the human had to do the job, where assiged to the robot, in order to work in parallel. | BZ10: They were sufficient and helpful to work in parallel | CA10: Not after doing it several times. But untrained for sure at all tasks. | CB10: Yes | CC10: Yes | CD10: It was like working with a partner. | CE10: The certainty of completing the task. Setting the first step so I can build on it and at the same time the robot can do further tasks, where I again can contribute. | CF10: No. I pro robot | CG10: The last run was perfect for me. The robot first needs to place the buildings where i can work on it. So i never have to wait for the robot.
A11: 45909.613 | B11: P14 | C11: Female | D11: 26 | E11: No | F11: 3 | G11: 3 | H11: 3 | I11: 2 | J11: 4 | K11: 4 | L11: 4 | M11: 4 | N11: 3 | O11: 4 | P11: 3 | Q11: =Form_Responses[[#This Row],[SUM]]/10 -> 3.4 | R11: =SUM(Form_Responses[[#This Row],[1- I can always manage to solve difficult problems if I try hard enough.]:[10- I can usually handle whatever comes my way.]]) -> 34 | S11: 3 | T11: 3 | U11: 4 | V11: 2 | W11: 3 | X11: 1 | Y11: 2 | Z11: 1 | AA11: 1 | AB11: 1 | AC11: 5 | AD11: 5 | AE11: 5 | AF11: 5 | AG11: 4 | AH11: 2 | AI11: 2 | AJ11: 1 | AK11: 4 | AL11: 2 | AM11: =60+SUM(Form_Responses[[#This Row],[11- Robots are necessary because they can do jobs that are too hard or too dangerous for people ]:[15- Robots are a good thing for society, because they help people]])-SUM(Form_Responses[[#This Row],[16- Robots may make us even lazier ]:[20- Unregulated use of robotics can lead to societal upheavals]]) -> 73 | AN11: =SUM(Form_Responses[[#This Row],[1- I can trust persons and organizations related to development of robots ]:[5- If robots had emotions, I would be able to be friend with them]]) -> 15 | AO11: =SUM(Form_Responses[[#This Row],[6- I would feel uneasy if I was given a job where I had to use robots]:[10- I don’t want a robot to touch me]]) -> 6 | AP11: =SUM(Form_Responses[[#This Row],[11- Robots are necessary because they can do jobs that are too hard or too dangerous for people ]:[15- Robots are a good thing for society, because they help people]]) -> 24 | AQ11: =SUM(Form_Responses[[#This Row],[16- Robots may make us even lazier ]:[20- Unregulated use of robotics can lead to societal upheavals]]) -> 11 | AR11: Without pop-up questions | AS11: =TA_NQY!F11+TA_NQO!F11 -> 311 | AT11: =TA_NQY!G11+TA_NQO!G11 -> 19 | AU11: 2 | AV11: 2 | AW11: 2 | AX11: 8 | AY11: 3 | AZ11: 1 | BA11: 9 | BB11: 6 | BC11: 4 | BD11: 7 | BE11: 10 | BF11: 4 | BG11: With pop-up questions | BH11: =TA_NQY!E11+TA_NQO!E11 -> 249 | BI11: =TA_QY!E11+TA_QO!E11 -> 139 | BJ11: =TA_QY!F11+TA_QO!F11 -> 374 | BK11: =TA_QY!G11+TA_QO!G11 -> 22 | BL11: 5 | BM11: 3 | BN11: 4 | BO11: 7 | BP11: 4 | BQ11: 1 | BR11: 9 | BS11: 8 | BT11: 8 | BU11: 8 | BV11: 8 | BW11: 3 | BX11: Reducing waiting time, Reducing total completion time, Robot’s limitations for certain tasks | BY11: Based on how fast I vs. the robot would be able to do it. | BZ11: Very impresive, although the robot having to go back to its original starting location between tasks might be unefficient in more time sensitive tasks. | CA11: More presiye and less prone to mistakes. While i might knock a building block with my arm while building, the robot does not. | CB11: Yes | CC11: No, I felt the robot was capable enough. | CD11: Yes, I felt we were a team. | CE11: The speed with which the robot would complete a task and whether or not if the robot was capable of it. | CF11: No. | CG11: I might try to divide the tasks between the robot and myself more to reduce my waiting time while the robot works.
A12: 45909.663 | B12: P15 | C12: Male | D12: 28 | E12: Yes | F12: 4 | G12: 4 | H12: 3 | I12: 3 | J12: 3 | K12: 4 | L12: 3 | M12: 3 | N12: 3 | O12: 3 | P12: 3 | Q12: =Form_Responses[[#This Row],[SUM]]/10 -> 3.2 | R12: =SUM(Form_Responses[[#This Row],[1- I can always manage to solve difficult problems if I try hard enough.]:[10- I can usually handle whatever comes my way.]]) -> 32 | S12: 4 | T12: 3 | U12: 5 | V12: 4 | W12: 5 | X12: 1 | Y12: 4 | Z12: 1 | AA12: 1 | AB12: 1 | AC12: 5 | AD12: 5 | AE12: 5 | AF12: 4 | AG12: 5 | AH12: 5 | AI12: 3 | AJ12: 1 | AK12: 1 | AL12: 1 | AM12: =60+SUM(Form_Responses[[#This Row],[11- Robots are necessary because they can do jobs that are too hard or too dangerous for people ]:[15- Robots are a good thing for society, because they help people]])-SUM(Form_Responses[[#This Row],[16- Robots may make us even lazier ]:[20- Unregulated use of robotics can lead to societal upheavals]]) -> 73 | AN12: =SUM(Form_Responses[[#This Row],[1- I can trust persons and organizations related to development of robots ]:[5- If robots had emotions, I would be able to be friend with them]]) -> 21 | AO12: =SUM(Form_Responses[[#This Row],[6- I would feel uneasy if I was given a job where I had to use robots]:[10- I don’t want a robot to touch me]]) -> 8 | AP12: =SUM(Form_Responses[[#This Row],[11- Robots are necessary because they can do jobs that are too hard or too dangerous for people ]:[15- Robots are a good thing for society, because they help people]]) -> 24 | AQ12: =SUM(Form_Responses[[#This Row],[16- Robots may make us even lazier ]:[20- Unregulated use of robotics can lead to societal upheavals]]) -> 11 | AR12: Without pop-up questions | AS12: =TA_NQY!F12+TA_NQO!F12 -> 244 | AT12: =TA_NQY!G12+TA_NQO!G12 -> 10 | AU12: 3 | AV12: 6 | AW12: 6 | AX12: 10 | AY12: 6 | AZ12: 3 | BA12: 9 | BB12: 10 | BC12: 8 | BD12: 8 | BE12: 10 | BF12: 6 | BG12: With pop-up questions | BH12: =TA_NQY!E12+TA_NQO!E12 -> 127 | BI12: =TA_QY!E12+TA_QO!E12 -> 171 | BJ12: =TA_QY!F12+TA_QO!F12 -> 668 | BK12: =TA_QY!G12+TA_QO!G12 -> 17 | BL12: 7 | BM12: 4 | BN12: 5 | BO12: 6 | BP12: 6 | BQ12: 5 | BR12: 7 | BS12: 10 | BT12: 7 | BU12: 6 | BV12: 10 | BW12: 7 | BX12: Reducing total completion time | BY12: which is going to be faster | BZ12: robot perform really good | CA12: individually no, maybe robot is better at math | CB12: yes | CC12: yes | CD12: im in the lead, i would consider the robot a tool not a team mate | CE12: what can the robot do whitout stopping. | CF12: no | CG12: would be interesting to see if the robot can solve the math problems and if i can also allocate the math problems to the robot, what I would choose
A13: 45909.707 | B13: P16 | C13: Female | D13: 25 | E13: No | F13: 4 | G13: 3 | H13: 2 | I13: 3 | J13: 3 | K13: 3 | L13: 4 | M13: 4 | N13: 2 | O13: 3 | P13: 2 | Q13: =Form_Responses[[#This Row],[SUM]]/10 -> 2.9 | R13: =SUM(Form_Responses[[#This Row],[1- I can always manage to solve difficult problems if I try hard enough.]:[10- I can usually handle whatever comes my way.]]) -> 29 | S13: 4 | T13: 3 | U13: 5 | V13: 5 | W13: 5 | X13: 1 | Y13: 2 | Z13: 1 | AA13: 1 | AB13: 3 | AC13: 5 | AD13: 5 | AE13: 5 | AF13: 5 | AG13: 4 | AH13: 3 | AI13: 2 | AJ13: 2 | AK13: 5 | AL13: 2 | AM13: =60+SUM(Form_Responses[[#This Row],[11- Robots are necessary because they can do jobs that are too hard or too dangerous for people ]:[15- Robots are a good thing for society, because they help people]])-SUM(Form_Responses[[#This Row],[16- Robots may make us even lazier ]:[20- Unregulated use of robotics can lead to societal upheavals]]) -> 70 | AN13: =SUM(Form_Responses[[#This Row],[1- I can trust persons and organizations related to development of robots ]:[5- If robots had emotions, I would be able to be friend with them]]) -> 22 | AO13: =SUM(Form_Responses[[#This Row],[6- I would feel uneasy if I was given a job where I had to use robots]:[10- I don’t want a robot to touch me]]) -> 8 | AP13: =SUM(Form_Responses[[#This Row],[11- Robots are necessary because they can do jobs that are too hard or too dangerous for people ]:[15- Robots are a good thing for society, because they help people]]) -> 24 | AQ13: =SUM(Form_Responses[[#This Row],[16- Robots may make us even lazier ]:[20- Unregulated use of robotics can lead to societal upheavals]]) -> 14 | AR13: Without pop-up questions | AS13: =TA_NQY!F13+TA_NQO!F13 -> 305 | AT13: =TA_NQY!G13+TA_NQO!G13 -> 15 | AU13: 1 | AV13: 5 | AW13: 2 | AX13: 10 | AY13: 6 | AZ13: 2 | BA13: 9 | BB13: 8 | BC13: 8 | BD13: 8 | BE13: 10 | BF13: 8 | BG13: With pop-up questions | BH13: =TA_NQY!E13+TA_NQO!E13 -> 137 | BI13: =TA_QY!E13+TA_QO!E13 -> 510 | BJ13: =TA_QY!F13+TA_QO!F13 -> 433 | BK13: =TA_QY!G13+TA_QO!G13 -> 19 | BL13: 6 | BM13: 6 | BN13: 8 | BO13: 9 | BP13: 7 | BQ13: 5 | BR13: 8 | BS13: 7 | BT13: 4 | BU13: 6 | BV13: 10 | BW13: 8 | BX13: Reducing waiting time, Reducing total completion time, Workspace layout (how space is divided between me and the robot), Robot’s limitations for certain tasks, My safety (avoiding collisions with the robot) | BY13: I thought about how I could allocate the tasks, so that I don't sit waiting around for the robot to finish certain tasks | BZ13: very good, it was preciser than I thought and was moving in a sense that I could work around it | CA13: no | CB13: at the end yes, when I realised which allocation would make more sense | CC13: Yes definitely | CD13: I felt like a team, moreso I had the feeling that the robot was the lead and I was assisting it | CE13: the robot not being able to detect my hand, when working around it | CF13: not much, I had a good one from the beginning | CG13: try to make it even more efficient, so I can already place certain building parallel and try to put the screwing parts to the end
A14: 45909.752 | B14: P17 | C14: Male | D14: 33 | E14: Yes | F14: 4 | G14: 4 | H14: 2 | I14: 4 | J14: 2 | K14: 2 | L14: 4 | M14: 2 | N14: 4 | O14: 3 | P14: 3 | Q14: =Form_Responses[[#This Row],[SUM]]/10 -> 3 | R14: =SUM(Form_Responses[[#This Row],[1- I can always manage to solve difficult problems if I try hard enough.]:[10- I can usually handle whatever comes my way.]]) -> 30 | S14: 5 | T14: 4 | U14: 4 | V14: 4 | W14: 2 | X14: 1 | Y14: 2 | Z14: 2 | AA14: 1 | AB14: 1 | AC14: 5 | AD14: 5 | AE14: 5 | AF14: 5 | AG14: 4 | AH14: 3 | AI14: 2 | AJ14: 2 | AK14: 4 | AL14: 4 | AM14: =60+SUM(Form_Responses[[#This Row],[11- Robots are necessary because they can do jobs that are too hard or too dangerous for people ]:[15- Robots are a good thing for society, because they help people]])-SUM(Form_Responses[[#This Row],[16- Robots may make us even lazier ]:[20- Unregulated use of robotics can lead to societal upheavals]]) -> 69 | AN14: =SUM(Form_Responses[[#This Row],[1- I can trust persons and organizations related to development of robots ]:[5- If robots had emotions, I would be able to be friend with them]]) -> 19 | AO14: =SUM(Form_Responses[[#This Row],[6- I would feel uneasy if I was given a job where I had to use robots]:[10- I don’t want a robot to touch me]]) -> 7 | AP14: =SUM(Form_Responses[[#This Row],[11- Robots are necessary because they can do jobs that are too hard or too dangerous for people ]:[15- Robots are a good thing for society, because they help people]]) -> 24 | AQ14: =SUM(Form_Responses[[#This Row],[16- Robots may make us even lazier ]:[20- Unregulated use of robotics can lead to societal upheavals]]) -> 15 | AR14: Without pop-up questions | AS14: =TA_NQY!F14+TA_NQO!F14 -> 343 | AT14: =TA_NQY!G14+TA_NQO!G14 -> 20 | AU14: 2 | AV14: 3 | AW14: 3 | AX14: 9 | AY14: 3 | AZ14: 1 | BA14: 10 | BB14: 10 | BC14: 10 | BD14: 10 | BE14: 10 | BF14: 4 | BG14: With pop-up questions | BH14: =TA_NQY!E14+TA_NQO!E14 -> 725 | BI14: =TA_QY!E14+TA_QO!E14 -> 263 | BJ14: =TA_QY!F14+TA_QO!F14 -> 387 | BK14: =TA_QY!G14+TA_QO!G14 -> 20 | BL14: 5 | BM14: 3 | BN14: 5 | BO14: 10 | BP14: 6 | BQ14: 1 | BR14: 10 | BS14: 10 | BT14: 9 | BU14: 10 | BV14: 10 | BW14: 7 | BX14: Reducing waiting time, Reducing total completion time, Workspace layout (how space is divided between me and the robot), Robot’s limitations for certain tasks | BY14: I tried to maximiye parallel tasks. | BZ14: It would be great if it could do the screw task. | CA14: no | CB14: zes | CC14: if it was faster yes. | CD14: I was the lead. | CE14: Speed and movement direction. | CF14: yes when I found out how high it brings the objects. I tried to avoid being on its way by changing task order. | CG14: I would give the last parts of hostpital to myself because the robot did not align them well.
A15: 45910.585 | B15: P18 | C15: Male | D15: 26 | E15: Yes | F15: 4 | G15: 3 | H15: 3 | I15: 3 | J15: 2 | K15: 3 | L15: 3 | M15: 3 | N15: 2 | O15: 3 | P15: 3 | Q15: =Form_Responses[[#This Row],[SUM]]/10 -> 2.8 | R15: =SUM(Form_Responses[[#This Row],[1- I can always manage to solve difficult problems if I try hard enough.]:[10- I can usually handle whatever comes my way.]]) -> 28 | S15: 5 | T15: 4 | U15: 5 | V15: 4 | W15: 3 | X15: 2 | Y15: 1 | Z15: 1 | AA15: 1 | AB15: 3 | AC15: 5 | AD15: 5 | AE15: 5 | AF15: 4 | AG15: 3 | AH15: 4 | AI15: 2 | AJ15: 3 | AK15: 4 | AL15: 4 | AM15: =60+SUM(Form_Responses[[#This Row],[11- Robots are necessary because they can do jobs that are too hard or too dangerous for people ]:[15- Robots are a good thing for society, because they help people]])-SUM(Form_Responses[[#This Row],[16- Robots may make us even lazier ]:[20- Unregulated use of robotics can lead to societal upheavals]]) -> 65 | AN15: =SUM(Form_Responses[[#This Row],[1- I can trust persons and organizations related to development of robots ]:[5- If robots had emotions, I would be able to be friend with them]]) -> 21 | AO15: =SUM(Form_Responses[[#This Row],[6- I would feel uneasy if I was given a job where I had to use robots]:[10- I don’t want a robot to touch me]]) -> 8 | AP15: =SUM(Form_Responses[[#This Row],[11- Robots are necessary because they can do jobs that are too hard or too dangerous for people ]:[15- Robots are a good thing for society, because they help people]]) -> 22 | AQ15: =SUM(Form_Responses[[#This Row],[16- Robots may make us even lazier ]:[20- Unregulated use of robotics can lead to societal upheavals]]) -> 17 | AR15: Without pop-up questions | AS15: =TA_NQY!F15+TA_NQO!F15 -> 250 | AT15: =TA_NQY!G15+TA_NQO!G15 -> 13 | AU15: 5 | AV15: 5 | AW15: 6 | AX15: 9 | AY15: 5 | AZ15: 2 | BA15: 9 | BB15: 8 | BC15: 7 | BD15: 9 | BE15: 9 | BF15: 8 | BG15: With pop-up questions | BH15: =TA_NQY!E15+TA_NQO!E15 -> 407 | BI15: =TA_QY!E15+TA_QO!E15 -> 624 | BJ15: =TA_QY!F15+TA_QO!F15 -> 356 | BK15: =TA_QY!G15+TA_QO!G15 -> 19 | BL15: 8 | BM15: 4 | BN15: 8 | BO15: 9 | BP15: 7 | BQ15: 2 | BR15: 9 | BS15: 7 | BT15: 8 | BU15: 8 | BV15: 9 | BW15: 8 | BX15: Reducing waiting time, Reducing total completion time, Workspace layout (how space is divided between me and the robot) | BY15: My goal was to reduce the time for the task. Therefore, I tried to assign task to the robot where I need to do the tasks which the robot cannot perform. Then I had a look at the layout where I need to perform the task to enable work in parallel. And if possible I assigned to to me because I am faster. | BZ15: I did not really consider this because it was already predefined which task the robot can do which tasks the robot cannot do but for example the assempz of the dovetail i take over because at the first place it was not fully assembled. All the other task are very good performed by the robot. | CA15: I would say not but it was good to have his support at the task to work in parallel. | CB15: Not always because for example at both round the robot finished already earlier than be which could be more optimized but generally it was a good balance | CC15: If the movments are faster then probably yes because this is currently from my perspective which makes him slow. | CD15: I would consider us as a team because we worked together on the project and were successfully. | CE15: I did not really consider the qualitites of the robot because in the first place I saw the robot is able to do the task good and this supported that I can assign him the available task and do not consider other qualities of the robots. | CF15: No, I always saw it the way that the robot and I am a team and we are working together on the project to finish it fast.. | CG15: I would better manage it that I and the robot finish at the same time because when the robot is doing nothing at the and it does not really reduce the cycle time. And also consider more the layout because at a run I looked at the wrong workplace because the arranged differently where the robot is comming and then I could not work that in parallel as I wished.
A16: 45910.692 | B16: P10 | C16: Male | D16: 30 | E16: Yes | F16: 4 | G16: 4 | H16: 3 | I16: 3 | J16: 3 | K16: 4 | L16: 4 | M16: 4 | N16: 4 | O16: 3 | P16: 4 | Q16: =Form_Responses[[#This Row],[SUM]]/10 -> 3.6 | R16: =SUM(Form_Responses[[#This Row],[1- I can always manage to solve difficult problems if I try hard enough.]:[10- I can usually handle whatever comes my way.]]) -> 36 | S16: 4 | T16: 5 | U16: 5 | V16: 5 | W16: 2 | X16: 1 | Y16: 4 | Z16: 1 | AA16: 1 | AB16: 2 | AC16: 5 | AD16: 5 | AE16: 5 | AF16: 5 | AG16: 5 | AH16: 1 | AI16: 1 | AJ16: 1 | AK16: 2 | AL16: 2 | AM16: =60+SUM(Form_Responses[[#This Row],[11- Robots are necessary because they can do jobs that are too hard or too dangerous for people ]:[15- Robots are a good thing for society, because they help people]])-SUM(Form_Responses[[#This Row],[16- Robots may make us even lazier ]:[20- Unregulated use of robotics can lead to societal upheavals]]) -> 78 | AN16: =SUM(Form_Responses[[#This Row],[1- I can trust persons and organizations related to development of robots ]:[5- If robots had emotions, I would be able to be friend with them]]) -> 21 | AO16: =SUM(Form_Responses[[#This Row],[6- I would feel uneasy if I was given a job where I had to use robots]:[10- I don’t want a robot to touch me]]) -> 9 | AP16: =SUM(Form_Responses[[#This Row],[11- Robots are necessary because they can do jobs that are too hard or too dangerous for people ]:[15- Robots are a good thing for society, because they help people]]) -> 25 | AQ16: =SUM(Form_Responses[[#This Row],[16- Robots may make us even lazier ]:[20- Unregulated use of robotics can lead to societal upheavals]]) -> 7 | AR16: Without pop-up questions | AS16: =TA_NQY!F16+TA_NQO!F16 -> 269 | AT16: =TA_NQY!G16+TA_NQO!G16 -> 15 | AU16: 2 | AV16: 5 | AW16: 5 | AX16: 10 | AY16: 6 | AZ16: 1 | BA16: 10 | BB16: 10 | BC16: 10 | BD16: 7 | BE16: 10 | BF16: 3 | BG16: With pop-up questions | BH16: =TA_NQY!E16+TA_NQO!E16 -> 280 | BI16: =TA_QY!E16+TA_QO!E16 -> 470 | BJ16: =TA_QY!F16+TA_QO!F16 -> 376 | BK16: =TA_QY!G16+TA_QO!G16 -> 22 | BL16: 4 | BM16: 3 | BN16: 3 | BO16: 10 | BP16: 2 | BQ16: 1 | BR16: 10 | BS16: 10 | BT16: 7 | BU16: 10 | BV16: 10 | BW16: 3 | BX16: Reducing waiting time, Reducing total completion time, My own performance/abilities, Robot’s limitations for certain tasks | BY16: efficiency | BZ16: very impressive | CA16: in most of the pick and place tasks the robot is better than myself | CB16: yes, even though I prefer to hand more of the tasks to the robot | CC16: yes, certainly | CD16: it felt like a team working on the same task, because the robot waited for me to complete | CE16: speed, precision | CF16: yes. in the beginning I thought about allocating all of the tasks, in the end I figured out that we would be faster if the tasks are distributed more evenly | CG16: in the long run I would assign more tasks to the robot even though this would mean a slight decrease in productivity overall
A17: 45910.738 | B17: P19 | C17: Male | D17: 22 | E17: No | F17: 3 | G17: 4 | H17: 3 | I17: 4 | J17: 3 | K17: 3 | L17: 4 | M17: 3 | N17: 3 | O17: 3 | P17: 3 | Q17: =Form_Responses[[#This Row],[SUM]]/10 -> 3.3 | R17: =SUM(Form_Responses[[#This Row],[1- I can always manage to solve difficult problems if I try hard enough.]:[10- I can usually handle whatever comes my way.]]) -> 33 | S17: 4 | T17: 4 | U17: 4 | V17: 3 | W17: 3 | X17: 2 | Y17: 2 | Z17: 3 | AA17: 2 | AB17: 3 | AC17: 4 | AD17: 4 | AE17: 3 | AF17: 4 | AG17: 3 | AH17: 4 | AI17: 4 | AJ17: 4 | AK17: 5 | AL17: 4 | AM17: =60+SUM(Form_Responses[[#This Row],[11- Robots are necessary because they can do jobs that are too hard or too dangerous for people ]:[15- Robots are a good thing for society, because they help people]])-SUM(Form_Responses[[#This Row],[16- Robots may make us even lazier ]:[20- Unregulated use of robotics can lead to societal upheavals]]) -> 57 | AN17: =SUM(Form_Responses[[#This Row],[1- I can trust persons and organizations related to development of robots ]:[5- If robots had emotions, I would be able to be friend with them]]) -> 18 | AO17: =SUM(Form_Responses[[#This Row],[6- I would feel uneasy if I was given a job where I had to use robots]:[10- I don’t want a robot to touch me]]) -> 12 | AP17: =SUM(Form_Responses[[#This Row],[11- Robots are necessary because they can do jobs that are too hard or too dangerous for people ]:[15- Robots are a good thing for society, because they help people]]) -> 18 | AQ17: =SUM(Form_Responses[[#This Row],[16- Robots may make us even lazier ]:[20- Unregulated use of robotics can lead to societal upheavals]]) -> 21 | AR17: Without pop-up questions | AS17: =TA_NQY!F17+TA_NQO!F17 -> 287 | AT17: =TA_NQY!G17+TA_NQO!G17 -> 17 | AU17: 4 | AV17: 6 | AW17: 6 | AX17: 9 | AY17: 5 | AZ17: 1 | BA17: 8 | BB17: 9 | BC17: 8 | BD17: 8 | BE17: 8 | BF17: 6 | BG17: With pop-up questions | BH17: =TA_NQY!E17+TA_NQO!E17 -> 558 | BI17: =TA_QY!E17+TA_QO!E17 -> 361 | BJ17: =TA_QY!F17+TA_QO!F17 -> 359 | BK17: =TA_QY!G17+TA_QO!G17 -> 16 | BL17: 8 | BM17: 5 | BN17: 7 | BO17: 9 | BP17: 7 | BQ17: 2 | BR17: 9 | BS17: 6 | BT17: 9 | BU17: 9 | BV17: 8 | BW17: 7 | BX17: Reducing waiting time, Reducing total completion time, Workspace layout (how space is divided between me and the robot), My own performance/abilities | BY17: With the reasons mentioned above and the mock tries before the main experiment. | BZ17: I believe there is room for improvments as in doing more difficults tasks and make the task devition more fair. | CA17: No, everything could actually be done easily as a human, but in the matter of collaboration, it did help with the time efficiency. | CB17: the last time yes, but as in fairness of task allocation, I belive it could learn more things to do. | CC17: Yes definatly. | CD17: The last round yes I would say. but overall I felt like allocation of the tasks, answering the pop up questions, and also working on the main tasks puts you kinda in a leading position, and also being aware of the position and the doings of the robat. | CE17: Speed, Movement and positioning | CF17: Yes, the last round I was happy that i caculated its speed and movement, therefore I felt we were working more as one, rather than just waiting for each other. | CG17: Nothing really, I feel like I found the best task allocation combination for both of us.
A18: 45912.401 | B18: P20 | C18: Female | D18: 27 | E18: Yes | F18: 4 | G18: 3 | H18: 2 | I18: 1 | J18: 3 | K18: 4 | L18: 4 | M18: 2 | N18: 4 | O18: 4 | P18: 3 | Q18: =Form_Responses[[#This Row],[SUM]]/10 -> 3 | R18: =SUM(Form_Responses[[#This Row],[1- I can always manage to solve difficult problems if I try hard enough.]:[10- I can usually handle whatever comes my way.]]) -> 30 | S18: 2 | T18: 2 | U18: 2 | V18: 4 | W18: 5 | X18: 1 | Y18: 1 | Z18: 1 | AA18: 1 | AB18: 3 | AC18: 5 | AD18: 5 | AE18: 5 | AF18: 5 | AG18: 5 | AH18: 1 | AI18: 4 | AJ18: 2 | AK18: 4 | AL18: 5 | AM18: =60+SUM(Form_Responses[[#This Row],[11- Robots are necessary because they can do jobs that are too hard or too dangerous for people ]:[15- Robots are a good thing for society, because they help people]])-SUM(Form_Responses[[#This Row],[16- Robots may make us even lazier ]:[20- Unregulated use of robotics can lead to societal upheavals]]) -> 69 | AN18: =SUM(Form_Responses[[#This Row],[1- I can trust persons and organizations related to development of robots ]:[5- If robots had emotions, I would be able to be friend with them]]) -> 15 | AO18: =SUM(Form_Responses[[#This Row],[6- I would feel uneasy if I was given a job where I had to use robots]:[10- I don’t want a robot to touch me]]) -> 7 | AP18: =SUM(Form_Responses[[#This Row],[11- Robots are necessary because they can do jobs that are too hard or too dangerous for people ]:[15- Robots are a good thing for society, because they help people]]) -> 25 | AQ18: =SUM(Form_Responses[[#This Row],[16- Robots may make us even lazier ]:[20- Unregulated use of robotics can lead to societal upheavals]]) -> 16 | AR18: Without pop-up questions | AS18: =TA_NQY!F18+TA_NQO!F18 -> 272 | AT18: =TA_NQY!G18+TA_NQO!G18 -> 15 | AU18: 1 | AV18: 1 | AW18: 3 | AX18: 10 | AY18: 3 | AZ18: 3 | BA18: 10 | BB18: 10 | BC18: 10 | BD18: 10 | BE18: 10 | BF18: 7 | BG18: With pop-up questions | BH18: =TA_NQY!E18+TA_NQO!E18 -> 125 | BI18: =TA_QY!E18+TA_QO!E18 -> 413 | BJ18: =TA_QY!F18+TA_QO!F18 -> 413 | BK18: =TA_QY!G18+TA_QO!G18 -> 18 | BL18: 4 | BM18: 2 | BN18: 5 | BO18: 8 | BP18: 7 | BQ18: 4 | BR18: 8 | BS18: 6 | BT18: 3 | BU18: 4 | BV18: 10 | BW18: 7 | BX18: Reducing waiting time, Reducing total completion time, Workspace layout (how space is divided between me and the robot), My own performance/abilities, Robot’s limitations for certain tasks | BY18: I tried to analyze previous experiments to understand robot's and mine bottlenecks and tried to reduce waiting time for both of us and ensure that me and robot finish simultaneously. | BZ18: It was very capable. | CA18: Yes, in quickly identifying the correct parts which should be placed next. | CB18: Yes. | CC18: Yes. | CD18: I felt as a team. | CE18: Speed of robot (sometimes it was slow in getting parts, and it was quicker to do it myself once a building was "started"). It was also nicer to let robot begin the tasks, because after the first part was placed i knew what to do. | CF18: Not really. | CG18: I think my last two strategies were pretty efficient, I would stay with them.
A19: 45912.446 | B19: P21 | C19: Male | D19: 28 | E19: No | F19: 4 | G19: 3 | H19: 3 | I19: 3 | J19: 2 | K19: 2 | L19: 4 | M19: 2 | N19: 3 | O19: 3 | P19: 4 | Q19: =Form_Responses[[#This Row],[SUM]]/10 -> 2.9 | R19: =SUM(Form_Responses[[#This Row],[1- I can always manage to solve difficult problems if I try hard enough.]:[10- I can usually handle whatever comes my way.]]) -> 29 | S19: 3 | T19: 4 | U19: 3 | V19: 3 | W19: 1 | X19: 1 | Y19: 2 | Z19: 2 | AA19: 2 | AB19: 4 | AC19: 5 | AD19: 5 | AE19: 5 | AF19: 5 | AG19: 5 | AH19: 4 | AI19: 3 | AJ19: 4 | AK19: 4 | AL19: 4 | AM19: =60+SUM(Form_Responses[[#This Row],[11- Robots are necessary because they can do jobs that are too hard or too dangerous for people ]:[15- Robots are a good thing for society, because they help people]])-SUM(Form_Responses[[#This Row],[16- Robots may make us even lazier ]:[20- Unregulated use of robotics can lead to societal upheavals]]) -> 66 | AN19: =SUM(Form_Responses[[#This Row],[1- I can trust persons and organizations related to development of robots ]:[5- If robots had emotions, I would be able to be friend with them]]) -> 14 | AO19: =SUM(Form_Responses[[#This Row],[6- I would feel uneasy if I was given a job where I had to use robots]:[10- I don’t want a robot to touch me]]) -> 11 | AP19: =SUM(Form_Responses[[#This Row],[11- Robots are necessary because they can do jobs that are too hard or too dangerous for people ]:[15- Robots are a good thing for society, because they help people]]) -> 25 | AQ19: =SUM(Form_Responses[[#This Row],[16- Robots may make us even lazier ]:[20- Unregulated use of robotics can lead to societal upheavals]]) -> 19 | AR19: Without pop-up questions | AS19: =TA_NQY!F19+TA_NQO!F19 -> 401 | AT19: =TA_NQY!G19+TA_NQO!G19 -> 22 | AU19: 2 | AV19: 2 | AW19: 2 | AX19: 9 | AY19: 4 | AZ19: 1 | BA19: 8 | BB19: 3 | BC19: 8 | BD19: 8 | BE19: 8 | BF19: 2 | BG19: With pop-up questions | BH19: =TA_NQY!E19+TA_NQO!E19 -> 523 | BI19: =TA_QY!E19+TA_QO!E19 -> 166 | BJ19: =TA_QY!F19+TA_QO!F19 -> 472 | BK19: =TA_QY!G19+TA_QO!G19 -> 19 | BL19: 6 | BM19: 4 | BN19: 7 | BO19: 7 | BP19: 7 | BQ19: 3 | BR19: 7 | BS19: 2 | BT19: 6 | BU19: 6 | BV19: 9 | BW19: 2 | BX19: Reducing waiting time, Reducing total completion time | BY19: I tried to assign as many tasks to the robot as possible | BZ19: It is performing most of its assigned tasks well. | CA19: No | CB19: Yes | CC19: Yes, many times the robot finished its assigned before I could finish mine | CD19: The robot behaves dominant during the task, as it does not wait for the human to finish his or her task to avoid collisions. | CE19: The amount of tasks it is capable to perform. | CF19: No | CG19: Yes, I would change the order. So that the human has to wait only as little as possible to start with the tasks assigned.
... A34: 45918.561 | B34: P36 | C34: Female | D34: 28 | E34: Yes | F34: 3 | G34: 4 | H34: 2 | I34: 3 | J34: 4 | K34: 3 | L34: 3 | M34: 3 | N34: 4 | O34: 3 | P34: 3 | Q34: =Form_Responses[[#This Row],[SUM]]/10 -> 3.2 | R34: =SUM(Form_Responses[[#This Row],[1- I can always manage to solve difficult problems if I try hard enough.]:[10- I can usually handle whatever comes my way.]]) -> 32 | S34: 4 | T34: 3 | U34: 4 | V34: 3 | W34: 2 | X34: 1 | Y34: 1 | Z34: 1 | AA34: 2 | AB34: 4 | AC34: 3 | AD34: 4 | AE34: 4 | AF34: 3 | AG34: 4 | AH34: 2 | AI34: 1 | AJ34: 1 | AK34: 2 | AL34: 2 | AM34: =60+SUM(Form_Responses[[#This Row],[11- Robots are necessary because they can do jobs that are too hard or too dangerous for people ]:[15- Robots are a good thing for society, because they help people]])-SUM(Form_Responses[[#This Row],[16- Robots may make us even lazier ]:[20- Unregulated use of robotics can lead to societal upheavals]]) -> 70 | AN34: =SUM(Form_Responses[[#This Row],[1- I can trust persons and organizations related to development of robots ]:[5- If robots had emotions, I would be able to be friend with them]]) -> 16 | AO34: =SUM(Form_Responses[[#This Row],[6- I would feel uneasy if I was given a job where I had to use robots]:[10- I don’t want a robot to touch me]]) -> 9 | AP34: =SUM(Form_Responses[[#This Row],[11- Robots are necessary because they can do jobs that are too hard or too dangerous for people ]:[15- Robots are a good thing for society, because they help people]]) -> 18 | AQ34: =SUM(Form_Responses[[#This Row],[16- Robots may make us even lazier ]:[20- Unregulated use of robotics can lead to societal upheavals]]) -> 8 | AR34: Without pop-up questions | AS34: =TA_NQY!F34+TA_NQO!F34 -> 345 | AT34: =TA_NQY!G34+TA_NQO!G34 -> 20 | AU34: 1 | AV34: 5 | AW34: 2 | AX34: 7 | AY34: 3 | AZ34: 2 | BA34: 7 | BB34: 7 | BC34: 8 | BD34: 7 | BE34: 10 | BF34: 8 | BG34: With pop-up questions | BH34: =TA_NQY!E34+TA_NQO!E34 -> 177 | BI34: =TA_QY!E34+TA_QO!E34 -> 447 | BJ34: =TA_QY!F34+TA_QO!F34 -> 386 | BK34: =TA_QY!G34+TA_QO!G34 -> 22 | BL34: 6 | BM34: 6 | BN34: 7 | BO34: 5 | BP34: 4 | BQ34: 1 | BR34: 6 | BS34: 6 | BT34: 7 | BU34: 7 | BV34: 9 | BW34: 9 | BX34: Reducing waiting time, Reducing total completion time, Workspace layout (how space is divided between me and the robot) | BY34: I wanted to safe time while using the robot | BZ34: Good for parallel task while I do something else like screwing | CA34: No. In general I would say he is slower in doing the tasks, therefore I decided at the last round to do a view of the tasks by my one. But it is good to use him for tasks while i do something else (see answer 3) | CB34: Yes | CC34: Yeah, if it could save some time for me or if it releaves some stress I would allocate more tasks to him, depending on the use case. | CD34: I think we were a equal team | CE34: My allocation decision was not influenced by the qualities of the robot I would say, but rahter on the duration and steps within the task | CF34: No | CG34: Yeah, I would realocate the order of the tasks to finish even faster
P36: average: | Q36: =AVERAGE(Q8:Q34) -> 3.2185185 | R36: =AVERAGE(R8:R34) -> 32.185185 | AL36: average: | AM36: =AVERAGE(AM8:AM34) -> 66.851852 | AN36: =AVERAGE(AN8:AN34) -> 16.962963 | AO36: =AVERAGE(AO8:AO34) -> 8.9259259 | AP36: =AVERAGE(AP8:AP34) -> 22.518519 | AQ36: =AVERAGE(AQ8:AQ34) -> 15.666667 | AU36: =AVERAGE(AU8:AU34) -> 2.9259259 | AV36: =AVERAGE(AV8:AV34) -> 3.7037037 | AW36: =AVERAGE(AW8:AW34) -> 4.1481481 | AX36: =AVERAGE(AX8:AX34) -> 9.037037 | AY36: =AVERAGE(AY8:AY34) -> 4.2962963 | AZ36: =AVERAGE(AZ8:AZ34) -> 2.4814815 | BA36: =AVERAGE(BA8:BA34) -> 8.7037037 | BB36: =AVERAGE(BB8:BB34) -> 8.2592593 | ... BF36: =AVERAGE(BF8:BF34) -> 4.7777778 | BJ36: =AVERAGE(BL8:BL34) -> 5.8518519 | BK36: =AVERAGE(BM8:BM34) -> 3.8518519 | BL36: =AVERAGE(BN8:BN34) -> 5.9259259 | BM36: =AVERAGE(BO8:BO34) -> 8.8148148 | BN36: =AVERAGE(BP8:BP34) -> 6 | BO36: =AVERAGE(BQ8:BQ34) -> 3.4074074 | BP36: =AVERAGE(BR8:BR34) -> 8.6296296 | BQ36: =AVERAGE(BS8:BS34) -> 8.2962963 | ... BU36: =AVERAGE(BW8:BW34) -> 5.3703704
P37: SD: | Q37: =_xlfn.STDEV.S(Q8:Q34) -> 0.37006968 | R37: =_xlfn.STDEV.S(R8:R34) -> 3.7006968 | AL37: SD: | AM37: =_xlfn.STDEV.S(AM8:AM34) -> 5.2455381 | AN37: =_xlfn.STDEV.S(AN8:AN34) -> 4.004627 | AO37: =_xlfn.STDEV.S(AO8:AO34) -> 3.0118475 | AP37: =_xlfn.STDEV.S(AP8:AP34) -> 2.2764745 | AQ37: =_xlfn.STDEV.S(AQ8:AQ34) -> 4.6160256 | AU37: =_xlfn.STDEV.S(AU8:AU34) -> 1.9200546 | AV37: =_xlfn.STDEV.S(AV8:AV34) -> 1.8147857 | AW37: =_xlfn.STDEV.S(AW8:AW34) -> 2.1068333 | AX37: =_xlfn.STDEV.S(AX8:AX34) -> 1.7863043 | AY37: =_xlfn.STDEV.S(AY8:AY34) -> 1.8566888 | AZ37: =_xlfn.STDEV.S(AZ8:AZ34) -> 2.2078596 | BA37: =_xlfn.STDEV.S(BA8:BA34) -> 1.6128049 | BB37: =_xlfn.STDEV.S(BB8:BB34) -> 2.1410384 | ... BF37: =_xlfn.STDEV.S(BF8:BF34) -> 2.358835 | BJ37: =_xlfn.STDEV.S(BL8:BL34) -> 1.8954136 | BK37: =_xlfn.STDEV.S(BM8:BM34) -> 1.9749139 | BL37: =_xlfn.STDEV.S(BN8:BN34) -> 1.5914658 | BM37: =_xlfn.STDEV.S(BO8:BO34) -> 1.3311949 | BN37: =_xlfn.STDEV.S(BP8:BP34) -> 1.9014165 | BO37: =_xlfn.STDEV.S(BQ8:BQ34) -> 2.3247706 | BP37: =_xlfn.STDEV.S(BR8:BR34) -> 1.1815293 | BQ37: =_xlfn.STDEV.S(BS8:BS34) -> 1.8772897 | ... BU37: =_xlfn.STDEV.S(BW8:BW34) -> 2.884283
AT39: With Question: | AU39: 5.8518519 | AV39: 3.8518519 | AW39: 5.9259259 | AX39: 8.8148148 | AY39: 6 | AZ39: 3.4074074 | BA39: 8.6296296 | BB39: 8.2962963 | BC39: 7.8518519 | BD39: 7.962963 | BE39: 9.1851852 | BF39: 5.3703704
AU40: 1.8954136 | AV40: 1.9749139 | AW40: 1.5914658 | AX40: 1.3311949 | AY40: 1.9014165 | AZ40: 2.3247706 | BA40: 1.1815293 | BB40: 1.8772897 | BC40: 1.7910827 | BD40: 1.8908989 | BE40: 1.7549279 | BF40: 2.884283

Sheet core
A2: Timestamp | B2: Participant ID: | C2: Self assesment_Mean | D2: Self Assesment_sum | E2: Sum( reversed negative values) | F2: Personal positive | G2: Personal negative | H2: Social Posiitve | I2: Social negative | J2: TA Time_NQ | K2: TA Time_q | L2: Assembly time_No question | M2: Assembly time_ question | N2: Robot N_task_No question | O2: Robot N_task_ question | P2: Mental_NQ | Q2: Mental_Q | R2: Physical_NQ | S2: Physical_Q | T2: Temporal_NQ | U2: Temporal_Q | V2: Performance_NQ | W2: Performance_Q | X2: Effort_NQ | Y2: Effort_Q | Z2: Frustration_NQ | AA2: Frustration_Q | AB2: Satisfaction_NQ | AC2: Satisfaction_Q | AD2: Fairness_NQ | AE2: Fairness_Q | AF2: Efficency_NQ | AG2: Efficency_Q | AH2: TA_Satis_NQ | AI2: TA_Satis_Q | AJ2: Willingness_NQ | AK2: Willingness_Q | AL2: TA_Difficulty_NQ | AM2: TA_Difficulty_Q
A3: 45881.446 | B3: 1 | C3: =Form_Responses[[#This Row],[SUM]]/10 -> 3.1 | D3: =SUM(Form_Responses[[#This Row],[1- I can always manage to solve difficult problems if I try hard enough.]:[10- I can usually handle whatever comes my way.]]) -> 31 | E3: =60+SUM(Form_Responses[[#This Row],[11- Robots are necessary because they can do jobs that are too hard or too dangerous for people ]:[15- Robots are a good thing for society, because they help people]])-SUM(Form_Responses[[#This Row],[16- Robots may make us even lazier ]:[20- Unregulated use of robotics can lead to societal upheavals]]) -> 64 | F3: =SUM(Form_Responses[[#This Row],[1- I can trust persons and organizations related to development of robots ]:[5- If robots had emotions, I would be able to be friend with them]]) -> 10 | G3: =SUM(Form_Responses[[#This Row],[6- I would feel uneasy if I was given a job where I had to use robots]:[10- I don’t want a robot to touch me]]) -> 9 | H3: =SUM(Form_Responses[[#This Row],[11- Robots are necessary because they can do jobs that are too hard or too dangerous for people ]:[15- Robots are a good thing for society, because they help people]]) -> 22 | I3: =SUM(Form_Responses[[#This Row],[16- Robots may make us even lazier ]:[20- Unregulated use of robotics can lead to societal upheavals]]) -> 18 | J3: =TA_NQY!E3+TA_NQO!E3 -> 183 | K3: =TA_QY!E3+TA_QO!E3 -> 101 | L3: 332 | M3: 341 | N3: 16 | O3: 13 | P3: 2 | Q3: 3 | R3: 1 | S3: 2 | T3: 4 | U3: 6 | V3: 10 | W3: 9 | X3: 1 | Y3: 4 | Z3: 1 | AA3: 1 | AB3: 3 | AC3: 5 | AD3: 9 | AE3: 5 | AF3: 4 | AG3: 6 | AH3: 4 | AI3: 5 | AJ3: 3 | AK3: 3 | AL3: 9 | AM3: 8
A4: 45881.618 | B4: 2 | C4: =Form_Responses[[#This Row],[SUM]]/10 -> 3.3 | D4: =SUM(Form_Responses[[#This Row],[1- I can always manage to solve difficult problems if I try hard enough.]:[10- I can usually handle whatever comes my way.]]) -> 33 | E4: =60+SUM(Form_Responses[[#This Row],[11- Robots are necessary because they can do jobs that are too hard or too dangerous for people ]:[15- Robots are a good thing for society, because they help people]])-SUM(Form_Responses[[#This Row],[16- Robots may make us even lazier ]:[20- Unregulated use of robotics can lead to societal upheavals]]) -> 64 | F4: =SUM(Form_Responses[[#This Row],[1- I can trust persons and organizations related to development of robots ]:[5- If robots had emotions, I would be able to be friend with them]]) -> 17 | G4: =SUM(Form_Responses[[#This Row],[6- I would feel uneasy if I was given a job where I had to use robots]:[10- I don’t want a robot to touch me]]) -> 8 | H4: =SUM(Form_Responses[[#This Row],[11- Robots are necessary because they can do jobs that are too hard or too dangerous for people ]:[15- Robots are a good thing for society, because they help people]]) -> 23 | I4: =SUM(Form_Responses[[#This Row],[16- Robots may make us even lazier ]:[20- Unregulated use of robotics can lead to societal upheavals]]) -> 19 | J4: =TA_NQY!E4+TA_NQO!E4 -> 194 | K4: =TA_QY!E4+TA_QO!E4 -> 125 | L4: 384 | M4: 372 | N4: 20 | O4: 14 | P4: 4 | Q4: 5 | R4: 4 | S4: 4 | T4: 3 | U4: 6 | V4: 10 | W4: 8 | X4: 6 | Y4: 7 | Z4: 2 | AA4: 3 | AB4: 9 | AC4: 8 | AD4: 9 | AE4: 9 | AF4: 8 | AG4: 8 | AH4: 9 | AI4: 9 | AJ4: 9 | AK4: 9 | AL4: 3 | AM4: 7
A5: 45887.61 | B5: 3 | C5: =Form_Responses[[#This Row],[SUM]]/10 -> 3.4 | D5: =SUM(Form_Responses[[#This Row],[1- I can always manage to solve difficult problems if I try hard enough.]:[10- I can usually handle whatever comes my way.]]) -> 34 | E5: =60+SUM(Form_Responses[[#This Row],[11- Robots are necessary because they can do jobs that are too hard or too dangerous for people ]:[15- Robots are a good thing for society, because they help people]])-SUM(Form_Responses[[#This Row],[16- Robots may make us even lazier ]:[20- Unregulated use of robotics can lead to societal upheavals]]) -> 64 | F5: =SUM(Form_Responses[[#This Row],[1- I can trust persons and organizations related to development of robots ]:[5- If robots had emotions, I would be able to be friend with them]]) -> 14 | G5: =SUM(Form_Responses[[#This Row],[6- I would feel uneasy if I was given a job where I had to use robots]:[10- I don’t want a robot to touch me]]) -> 9 | H5: =SUM(Form_Responses[[#This Row],[11- Robots are necessary because they can do jobs that are too hard or too dangerous for people ]:[15- Robots are a good thing for society, because they help people]]) -> 22 | I5: =SUM(Form_Responses[[#This Row],[16- Robots may make us even lazier ]:[20- Unregulated use of robotics can lead to societal upheavals]]) -> 18 | J5: =TA_NQY!E5+TA_NQO!E5 -> 169 | K5: =TA_QY!E5+TA_QO!E5 -> 134 | L5: 332 | M5: 258 | N5: 14 | O5: 14 | P5: 3 | Q5: 6 | R5: 1 | S5: 2 | T5: 3 | U5: 5 | V5: 10 | W5: 10 | X5: 1 | Y5: 5 | Z5: 1 | AA5: 1 | AB5: 10 | AC5: 10 | AD5: 10 | AE5: 10 | AF5: 9 | AG5: 9 | AH5: 10 | AI5: 10 | AJ5: 10 | AK5: 10 | AL5: 2 | AM5: 2
A6: 45887.647 | B6: 4 | C6: =Form_Responses[[#This Row],[SUM]]/10 -> 3.9 | D6: =SUM(Form_Responses[[#This Row],[1- I can always manage to solve difficult problems if I try hard enough.]:[10- I can usually handle whatever comes my way.]]) -> 39 | E6: =60+SUM(Form_Responses[[#This Row],[11- Robots are necessary because they can do jobs that are too hard or too dangerous for people ]:[15- Robots are a good thing for society, because they help people]])-SUM(Form_Responses[[#This Row],[16- Robots may make us even lazier ]:[20- Unregulated use of robotics can lead to societal upheavals]]) -> 72 | F6: =SUM(Form_Responses[[#This Row],[1- I can trust persons and organizations related to development of robots ]:[5- If robots had emotions, I would be able to be friend with them]]) -> 16 | G6: =SUM(Form_Responses[[#This Row],[6- I would feel uneasy if I was given a job where I had to use robots]:[10- I don’t want a robot to touch me]]) -> 8 | H6: =SUM(Form_Responses[[#This Row],[11- Robots are necessary because they can do jobs that are too hard or too dangerous for people ]:[15- Robots are a good thing for society, because they help people]]) -> 19 | I6: =SUM(Form_Responses[[#This Row],[16- Robots may make us even lazier ]:[20- Unregulated use of robotics can lead to societal upheavals]]) -> 7 | J6: =TA_NQY!E6+TA_NQO!E6 -> 344 | K6: =TA_QY!E6+TA_QO!E6 -> 407 | L6: 282 | M6: 331 | N6: 14 | O6: 12 | P6: 6 | Q6: 8 | R6: 6 | S6: 7 | T6: 6 | U6: 10 | V6: 8 | W6: 7 | X6: 3 | Y6: 3 | Z6: 4 | AA6: 8 | AB6: 7 | AC6: 5 | AD6: 5 | AE6: 5 | AF6: 7 | AG6: 6 | AH6: 7 | AI6: 4 | AJ6: 5 | AK6: 5 | AL6: 4 | AM6: 8
